Date,Adj Close
2010-07-17,0.04951
2010-07-18,0.08584
2010-07-19,0.08080
2010-07-20,0.07474
2010-07-21,0.07921
2010-07-22,0.05050
2010-07-23,0.06262
2010-07-24,0.05454
2010-07-25,0.05050
2010-07-26,0.05600
2010-07-27,0.06000
2010-07-28,0.05890
2010-07-29,0.06990
2010-07-30,0.06270
2010-07-31,0.06785
2010-08-01,0.06110
2010-08-02,0.06000
2010-08-03,0.06000
2010-08-04,0.05700
2010-08-05,0.06100
2010-08-06,0.06230
2010-08-07,0.05900
2010-08-08,0.06090
2010-08-09,0.07100
2010-08-10,0.07000
2010-08-11,0.06700
2010-08-12,0.07000
2010-08-13,0.06450
2010-08-14,0.06700
2010-08-15,0.06529
2010-08-16,0.06550
2010-08-17,0.07000
2010-08-18,0.06800
2010-08-19,0.06670
2010-08-20,0.06550
2010-08-21,0.06640
2010-08-22,0.06600
2010-08-23,0.06491
2010-08-24,0.06500
2010-08-25,0.06480
2010-08-26,0.06400
2010-08-27,0.06500
2010-08-28,0.06410
2010-08-29,0.06400
2010-08-30,0.06497
2010-08-31,0.06000
2010-09-01,0.06290
2010-09-02,0.06340
2010-09-03,0.06085
2010-09-04,0.06238
2010-09-05,0.06160
2010-09-06,0.06160
2010-09-07,0.06100
2010-09-08,0.06200
2010-09-09,0.06111
2010-09-10,0.06180
2010-09-11,0.06366
2010-09-12,0.06150
2010-09-13,0.06219
2010-09-14,0.06199
2010-09-15,0.06040
2010-09-16,0.06190
2010-09-17,0.05900
2010-09-18,0.06100
2010-09-19,0.06270
2010-09-20,0.06210
2010-09-21,0.06265
2010-09-22,0.06220
2010-09-23,0.06231
2010-09-24,0.06220
2010-09-25,0.06202
2010-09-26,0.06200
2010-09-27,0.06220
2010-09-28,0.06190
2010-09-29,0.06191
2010-09-30,0.06190
2010-10-01,0.06197
2010-10-02,0.06140
2010-10-03,0.06111
2010-10-04,0.06130
2010-10-05,0.06140
2010-10-06,0.06281
2010-10-07,0.06700
2010-10-08,0.08685
2010-10-09,0.09380
2010-10-10,0.09650
2010-10-11,0.09500
2010-10-12,0.09490
2010-10-13,0.10500
2010-10-14,0.10200
2010-10-15,0.10500
2010-10-16,0.10100
2010-10-17,0.10200
2010-10-18,0.10240
2010-10-19,0.09700
2010-10-20,0.09900
2010-10-21,0.10700
2010-10-22,0.10250
2010-10-23,0.10550
2010-10-24,0.11501
2010-10-25,0.13200
2010-10-26,0.15030
2010-10-27,0.18770
2010-10-28,0.17310
2010-10-29,0.19000
2010-10-30,0.19890
2010-10-31,0.19250
2010-11-01,0.19550
2010-11-02,0.19380
2010-11-03,0.19310
2010-11-04,0.23000
2010-11-05,0.26000
2010-11-06,0.39000
2010-11-07,0.34000
2010-11-08,0.24300
2010-11-09,0.21000
2010-11-10,0.24000
2010-11-11,0.22310
2010-11-12,0.26820
2010-11-13,0.27600
2010-11-14,0.27904
2010-11-15,0.26820
2010-11-16,0.22300
2010-11-17,0.22990
2010-11-18,0.26780
2010-11-19,0.28000
2010-11-20,0.28301
2010-11-21,0.27675
2010-11-22,0.28790
2010-11-23,0.28295
2010-11-24,0.28299
2010-11-25,0.28000
2010-11-26,0.28440
2010-11-27,0.28300
2010-11-28,0.27000
2010-11-29,0.22990
2010-11-30,0.20820
2010-12-01,0.22750
2010-12-02,0.25500
2010-12-03,0.25105
2010-12-04,0.20500
2010-12-05,0.19000
2010-12-06,0.20400
2010-12-07,0.23300
2010-12-08,0.23880
2010-12-09,0.20000
2010-12-10,0.20400
2010-12-11,0.22800
2010-12-12,0.22000
2010-12-13,0.22990
2010-12-14,0.24669
2010-12-15,0.23801
2010-12-16,0.24996
2010-12-17,0.24000
2010-12-18,0.24100
2010-12-19,0.24010
2010-12-20,0.26700
2010-12-21,0.24000
2010-12-22,0.25000
2010-12-23,0.25000
2010-12-24,0.24800
2010-12-25,0.24990
2010-12-26,0.26500
2010-12-27,0.26500
2010-12-28,0.28100
2010-12-29,0.30000
2010-12-30,0.30000
2010-12-31,0.30000
2011-01-01,0.30000
2011-01-02,0.29997
2011-01-03,0.29500
2011-01-04,0.29895
2011-01-05,0.29900
2011-01-06,0.29800
2011-01-07,0.32000
2011-01-08,0.32290
2011-01-09,0.32300
2011-01-10,0.32659
2011-01-11,0.32659
2011-01-12,0.31880
2011-01-13,0.31760
2011-01-14,0.40000
2011-01-15,0.38600
2011-01-16,0.38679
2011-01-17,0.34950
2011-01-18,0.31299
2011-01-19,0.31299
2011-01-20,0.39000
2011-01-21,0.41991
2011-01-22,0.44430
2011-01-23,0.44240
2011-01-24,0.41990
2011-01-25,0.41000
2011-01-26,0.41700
2011-01-27,0.42120
2011-01-28,0.44600
2011-01-29,0.43900
2011-01-30,0.47990
2011-01-31,0.52001
2011-02-01,0.70000
2011-02-02,0.71600
2011-02-03,0.69000
2011-02-04,0.81100
2011-02-05,0.92000
2011-02-06,0.89968
2011-02-07,0.89000
2011-02-08,0.91800
2011-02-09,1.09000
2011-02-10,0.98031
2011-02-11,1.07001
2011-02-12,1.07990
2011-02-13,1.05000
2011-02-14,1.07000
2011-02-15,1.05000
2011-02-16,1.04500
2011-02-17,1.04000
2011-02-18,0.89890
2011-02-19,0.94898
2011-02-20,0.85000
2011-02-21,0.83450
2011-02-22,0.87023
2011-02-23,0.90000
2011-02-24,0.99743
2011-02-25,0.91110
2011-02-26,0.95800
2011-02-27,0.89000
2011-02-28,0.86000
2011-03-01,0.92021
2011-03-02,0.93990
2011-03-03,0.93909
2011-03-04,0.90100
2011-03-05,0.91030
2011-03-06,0.89990
2011-03-07,0.88502
2011-03-08,0.86999
2011-03-09,0.86449
2011-03-10,0.93290
2011-03-11,0.88000
2011-03-12,0.91800
2011-03-13,0.89249
2011-03-14,0.89490
2011-03-15,0.87000
2011-03-16,0.86000
2011-03-17,0.82542
2011-03-18,0.81648
2011-03-19,0.76500
2011-03-20,0.74108
2011-03-21,0.75897
2011-03-22,0.80901
2011-03-23,0.84971
2011-03-24,0.86688
2011-03-25,0.88377
2011-03-26,0.85520
2011-03-27,0.82000
2011-03-28,0.79898
2011-03-29,0.79250
2011-03-30,0.78970
2011-03-31,0.78461
2011-04-01,0.77411
2011-04-02,0.78199
2011-04-03,0.77900
2011-04-04,0.68000
2011-04-05,0.71000
2011-04-06,0.74000
2011-04-07,0.75380
2011-04-08,0.74999
2011-04-09,0.73000
2011-04-10,0.73690
2011-04-11,0.77000
2011-04-12,0.86000
2011-04-13,0.92250
2011-04-14,1.00000
2011-04-15,0.98991
2011-04-16,1.04990
2011-04-17,1.11230
2011-04-18,1.16199
2011-04-19,1.19790
2011-04-20,1.14210
2011-04-21,1.21000
2011-04-22,1.40901
2011-04-23,1.70010
2011-04-24,1.63011
2011-04-25,1.55900
2011-04-26,1.79490
2011-04-27,1.90000
2011-04-28,2.21059
2011-04-29,2.88000
2011-04-30,3.50000
2011-05-01,3.03311
2011-05-02,3.20000
2011-05-03,3.41000
2011-05-04,3.40609
2011-05-05,3.33300
2011-05-06,3.45000
2011-05-07,3.64100
2011-05-08,3.86590
2011-05-09,3.80000
2011-05-10,5.81000
2011-05-11,5.50000
2011-05-12,6.30019
2011-05-13,8.19800
2011-05-14,7.19769
2011-05-15,6.98701
2011-05-16,8.03388
2011-05-17,7.19000
2011-05-18,6.88000
2011-05-19,6.80500
2011-05-20,5.59039
2011-05-21,6.11971
2011-05-22,6.69010
2011-05-23,7.14991
2011-05-24,7.42000
2011-05-25,8.39970
2011-05-26,8.79800
2011-05-27,8.50020
2011-05-28,8.30010
2011-05-29,8.42990
2011-05-30,8.80000
2011-05-31,8.74100
2011-06-01,9.57000
2011-06-02,10.60000
2011-06-03,14.29000
2011-06-04,18.89000
2011-06-05,16.70000
2011-06-06,18.54990
2011-06-07,23.92340
2011-06-08,29.60000
2011-06-09,28.91900
2011-06-10,23.94970
2011-06-11,14.65110
2011-06-12,18.54640
2011-06-13,19.84000
2011-06-14,19.28000
2011-06-15,19.49000
2011-06-16,17.00000
2011-06-17,15.68100
2011-06-18,16.89000
2011-06-19,17.51000
2011-06-20,—
2011-06-21,—
2011-06-22,—
2011-06-23,—
2011-06-24,—
2011-06-25,—
2011-06-26,16.45001
2011-06-27,16.75004
2011-06-28,16.94980
2011-06-29,16.84500
2011-06-30,16.10098
2011-07-01,15.39700
2011-07-02,15.40000
2011-07-03,15.44049
2011-07-04,13.86000
2011-07-05,12.90691
2011-07-06,14.78347
2011-07-07,14.77609
2011-07-08,14.31399
2011-07-09,14.38000
2011-07-10,14.90000
2011-07-11,14.20912
2011-07-12,14.00943
2011-07-13,13.95099
2011-07-14,13.99000
2011-07-15,13.81000
2011-07-16,13.71910
2011-07-17,13.16000
2011-07-18,13.48000
2011-07-19,13.85024
2011-07-20,13.68943
2011-07-21,13.61000
2011-07-22,13.69542
2011-07-23,13.68000
2011-07-24,13.98001
2011-07-25,14.04780
2011-07-26,13.88214
2011-07-27,13.93940
2011-07-28,13.49011
2011-07-29,13.49832
2011-07-30,13.53034
2011-07-31,13.35000
2011-08-01,13.09460
2011-08-02,12.05000
2011-08-03,9.26000
2011-08-04,10.75000
2011-08-05,9.79990
2011-08-06,6.55000
2011-08-07,7.90000
2011-08-08,7.79991
2011-08-09,9.99000
2011-08-10,9.98000
2011-08-11,9.46248
2011-08-12,9.46051
2011-08-13,10.13100
2011-08-14,10.79570
2011-08-15,11.14979
2011-08-16,10.96409
2011-08-17,10.94555
2011-08-18,10.83001
2011-08-19,11.65000
2011-08-20,11.45300
2011-08-21,11.31125
2011-08-22,10.89500
2011-08-23,10.94001
2011-08-24,10.85060
2011-08-25,9.65702
2011-08-26,8.17939
2011-08-27,8.59020
2011-08-28,9.07011
2011-08-29,8.96900
2011-08-30,8.79134
2011-08-31,8.19951
2011-09-01,8.21000
2011-09-02,8.64000
2011-09-03,8.48000
2011-09-04,8.17798
2011-09-05,7.61101
2011-09-06,6.86280
2011-09-07,7.18640
2011-09-08,6.53000
2011-09-09,5.03000
2011-09-10,4.77390
2011-09-11,5.86435
2011-09-12,6.07800
2011-09-13,5.80000
2011-09-14,5.61932
2011-09-15,4.84000
2011-09-16,4.82000
2011-09-17,4.77000
2011-09-18,5.20000
2011-09-19,5.46001
2011-09-20,6.11191
2011-09-21,5.61140
2011-09-22,5.42781
2011-09-23,5.54514
2011-09-24,5.46829
2011-09-25,5.33000
2011-09-26,4.86969
2011-09-27,4.91560
2011-09-28,4.77247
2011-09-29,4.77935
2011-09-30,5.14009
2011-10-01,5.03241
2011-10-02,5.02701
2011-10-03,5.02401
2011-10-04,4.96000
2011-10-05,4.87000
2011-10-06,4.73443
2011-10-07,4.27280
2011-10-08,4.00753
2011-10-09,4.10288
2011-10-10,4.10000
2011-10-11,3.93080
2011-10-12,4.15000
2011-10-13,4.04615
2011-10-14,3.98791
2011-10-15,3.84214
2011-10-16,3.55701
2011-10-17,2.55998
2011-10-18,2.41901
2011-10-19,2.27000
2011-10-20,2.34801
2011-10-21,2.57000
2011-10-22,3.15880
2011-10-23,3.17000
2011-10-24,2.54500
2011-10-25,2.77000
2011-10-26,2.77302
2011-10-27,3.04001
2011-10-28,3.18999
2011-10-29,3.58113
2011-10-30,3.27000
2011-10-31,3.24801
2011-11-01,3.15000
2011-11-02,3.25429
2011-11-03,3.15200
2011-11-04,3.10900
2011-11-05,2.97002
2011-11-06,2.95959
2011-11-07,3.00677
2011-11-08,3.03501
2011-11-09,2.95001
2011-11-10,2.83993
2011-11-11,3.08001
2011-11-12,3.03099
2011-11-13,2.99686
2011-11-14,2.22000
2011-11-15,2.32896
2011-11-16,2.56035
2011-11-17,2.25000
2011-11-18,2.04999
2011-11-19,2.19585
2011-11-20,2.20000
2011-11-21,2.29400
2011-11-22,2.32890
2011-11-23,2.33209
2011-11-24,2.43210
2011-11-25,2.50612
2011-11-26,2.47003
2011-11-27,2.47991
2011-11-28,2.55000
2011-11-29,2.75019
2011-11-30,2.97010
2011-12-01,3.06000
2011-12-02,3.11510
2011-12-03,2.79400
2011-12-04,2.82809
2011-12-05,2.87980
2011-12-06,3.03000
2011-12-07,2.99001
2011-12-08,2.98000
2011-12-09,2.96999
2011-12-10,3.05000
2011-12-11,3.25110
2011-12-12,3.13500
2011-12-13,3.24990
2011-12-14,3.15000
2011-12-15,3.20000
2011-12-16,3.20000
2011-12-17,3.20010
2011-12-18,3.19300
2011-12-19,3.52020
2011-12-20,3.95000
2011-12-21,3.89000
2011-12-22,3.89010
2011-12-23,3.94678
2011-12-24,3.94000
2011-12-25,4.22500
2011-12-26,4.01800
2011-12-27,4.06997
2011-12-28,4.18552
2011-12-29,4.16600
2011-12-30,4.24800
2011-12-31,4.72202
2012-01-01,5.26766
2012-01-02,5.21678
2012-01-03,4.88080
2012-01-04,5.57383
2012-01-05,6.94760
2012-01-06,6.69693
2012-01-07,6.81000
2012-01-08,7.11358
2012-01-09,6.32570
2012-01-10,6.36000
2012-01-11,6.90000
2012-01-12,6.79999
2012-01-13,6.41000
2012-01-14,6.75001
2012-01-15,7.00177
2012-01-16,6.68254
2012-01-17,5.59998
2012-01-18,5.92000
2012-01-19,6.35979
2012-01-20,6.48979
2012-01-21,6.18000
2012-01-22,6.30970
2012-01-23,6.35600
2012-01-24,6.28978
2012-01-25,5.75000
2012-01-26,5.34000
2012-01-27,5.29199
2012-01-28,5.62667
2012-01-29,5.38090
2012-01-30,5.49048
2012-01-31,5.48379
2012-02-01,6.07561
2012-02-02,6.10000
2012-02-03,5.95930
2012-02-04,5.87343
2012-02-05,5.68881
2012-02-06,5.45345
2012-02-07,5.69000
2012-02-08,5.59998
2012-02-09,5.83000
2012-02-10,5.91260
2012-02-11,5.60050
2012-02-12,5.51468
2012-02-13,5.26000
2012-02-14,4.46292
2012-02-15,4.32510
2012-02-16,4.27390
2012-02-17,4.41000
2012-02-18,4.22201
2012-02-19,4.38669
2012-02-20,4.36146
2012-02-21,4.27200
2012-02-22,4.42474
2012-02-23,5.01500
2012-02-24,5.02880
2012-02-25,4.77302
2012-02-26,4.92200
2012-02-27,4.95598
2012-02-28,4.86798
2012-02-29,4.86001
2012-03-01,4.92130
2012-03-02,4.70499
2012-03-03,4.61436
2012-03-04,4.82001
2012-03-05,4.98427
2012-03-06,4.99010
2012-03-07,4.93752
2012-03-08,4.93016
2012-03-09,4.86112
2012-03-10,4.83315
2012-03-11,4.91000
2012-03-12,4.89005
2012-03-13,5.27000
2012-03-14,5.38000
2012-03-15,5.32656
2012-03-16,5.34388
2012-03-17,5.21590
2012-03-18,5.27943
2012-03-19,4.69390
2012-03-20,4.83790
2012-03-21,4.81488
2012-03-22,4.70430
2012-03-23,4.68596
2012-03-24,4.67600
2012-03-25,4.55001
2012-03-26,4.61911
2012-03-27,4.81125
2012-03-28,4.78800
2012-03-29,4.80838
2012-03-30,4.86000
2012-03-31,4.90873
2012-04-01,4.82700
2012-04-02,4.97400
2012-04-03,4.95200
2012-04-04,4.91008
2012-04-05,4.91900
2012-04-06,4.94991
2012-04-07,4.68715
2012-04-08,4.79252
2012-04-09,4.87191
2012-04-10,4.83668
2012-04-11,4.92790
2012-04-12,4.91968
2012-04-13,4.93999
2012-04-14,4.95970
2012-04-15,4.96892
2012-04-16,4.93201
2012-04-17,4.97587
2012-04-18,5.11780
2012-04-19,5.13766
2012-04-20,5.35000
2012-04-21,5.26008
2012-04-22,5.20352
2012-04-23,4.95999
2012-04-24,5.09822
2012-04-25,5.13182
2012-04-26,5.09762
2012-04-27,5.10947
2012-04-28,4.97940
2012-04-29,4.90441
2012-04-30,4.94910
2012-05-01,5.00000
2012-05-02,5.07367
2012-05-03,5.13438
2012-05-04,5.06700
2012-05-05,5.07700
2012-05-06,5.04991
2012-05-07,5.06002
2012-05-08,5.04997
2012-05-09,5.04370
2012-05-10,4.85000
2012-05-11,4.96000
2012-05-12,4.94619
2012-05-13,4.92996
2012-05-14,5.00594
2012-05-15,5.03500
2012-05-16,5.08870
2012-05-17,5.09980
2012-05-18,5.11801
2012-05-19,5.09950
2012-05-20,5.09002
2012-05-21,5.09977
2012-05-22,5.09877
2012-05-23,5.13970
2012-05-24,5.11904
2012-05-25,5.14546
2012-05-26,5.10324
2012-05-27,5.13896
2012-05-28,5.13580
2012-05-29,5.14997
2012-05-30,5.13500
2012-05-31,5.18011
2012-06-01,5.27481
2012-06-02,5.24898
2012-06-03,5.20510
2012-06-04,5.26599
2012-06-05,5.44001
2012-06-06,5.46001
2012-06-07,5.59100
2012-06-08,5.63300
2012-06-09,5.55997
2012-06-10,5.46829
2012-06-11,5.57471
2012-06-12,5.70003
2012-06-13,5.92900
2012-06-14,5.95410
2012-06-15,6.50000
2012-06-16,6.40000
2012-06-17,6.16382
2012-06-18,6.30998
2012-06-19,6.49876
2012-06-20,6.67000
2012-06-21,6.68008
2012-06-22,6.54781
2012-06-23,6.42850
2012-06-24,6.35002
2012-06-25,6.30482
2012-06-26,6.41950
2012-06-27,6.64700
2012-06-28,6.60588
2012-06-29,6.65000
2012-06-30,6.68999
2012-07-01,6.62898
2012-07-02,6.75999
2012-07-03,6.44993
2012-07-04,6.51010
2012-07-05,6.67000
2012-07-06,6.64811
2012-07-07,6.76207
2012-07-08,6.79898
2012-07-09,7.02150
2012-07-10,7.19990
2012-07-11,7.15000
2012-07-12,7.76437
2012-07-13,7.66510
2012-07-14,7.54210
2012-07-15,7.62101
2012-07-16,8.49960
2012-07-17,8.80001
2012-07-18,9.10977
2012-07-19,8.86999
2012-07-20,8.52000
2012-07-21,8.84553
2012-07-22,8.40960
2012-07-23,8.44565
2012-07-24,8.60000
2012-07-25,8.80000
2012-07-26,8.90000
2012-07-27,8.90000
2012-07-28,8.88810
2012-07-29,8.71027
2012-07-30,9.09800
2012-07-31,9.35000
2012-08-01,9.55030
2012-08-02,10.53000
2012-08-03,10.97000
2012-08-04,10.98398
2012-08-05,10.86998
2012-08-06,10.85517
2012-08-07,11.10000
2012-08-08,11.05530
2012-08-09,11.06110
2012-08-10,11.38637
2012-08-11,11.51020
2012-08-12,11.62399
2012-08-13,12.03749
2012-08-14,12.19000
2012-08-15,13.25000
2012-08-16,13.50000
2012-08-17,11.58360
2012-08-18,11.61000
2012-08-19,8.00000
2012-08-20,10.10000
2012-08-21,9.91502
2012-08-22,9.80679
2012-08-23,10.09997
2012-08-24,10.60000
2012-08-25,10.52390
2012-08-26,10.61000
2012-08-27,10.95000
2012-08-28,10.94000
2012-08-29,10.91690
2012-08-30,10.77699
2012-08-31,10.16000
2012-09-01,9.96544
2012-09-02,10.20410
2012-09-03,10.53000
2012-09-04,10.38471
2012-09-05,10.99971
2012-09-06,11.18100
2012-09-07,11.00000
2012-09-08,11.03700
2012-09-09,11.02000
2012-09-10,11.17000
2012-09-11,11.33081
2012-09-12,11.36489
2012-09-13,11.39900
2012-09-14,11.67000
2012-09-15,11.75000
2012-09-16,11.87000
2012-09-17,11.89000
2012-09-18,12.25000
2012-09-19,12.57250
2012-09-20,12.28253
2012-09-21,12.36800
2012-09-22,12.23781
2012-09-23,12.19331
2012-09-24,12.10000
2012-09-25,12.19700
2012-09-26,12.27000
2012-09-27,12.30889
2012-09-28,12.39101
2012-09-29,12.36309
2012-09-30,12.40000
2012-10-01,12.40000
2012-10-02,12.84000
2012-10-03,12.89000
2012-10-04,12.85000
2012-10-05,12.68800
2012-10-06,12.50500
2012-10-07,11.80001
2012-10-08,11.77809
2012-10-09,11.89500
2012-10-10,12.12000
2012-10-11,12.03000
2012-10-12,12.00000
2012-10-13,11.86101
2012-10-14,11.73890
2012-10-15,11.83807
2012-10-16,11.84990
2012-10-17,11.81000
2012-10-18,11.93977
2012-10-19,11.74012
2012-10-20,11.73991
2012-10-21,11.63107
2012-10-22,11.71012
2012-10-23,11.65000
2012-10-24,11.64999
2012-10-25,10.86158
2012-10-26,10.17061
2012-10-27,10.26051
2012-10-28,10.69998
2012-10-29,10.59999
2012-10-30,10.88753
2012-10-31,11.20100
2012-11-01,10.57000
2012-11-02,10.46877
2012-11-03,10.64250
2012-11-04,10.80011
2012-11-05,10.74800
2012-11-06,10.89899
2012-11-07,10.92000
2012-11-08,10.92500
2012-11-09,10.81500
2012-11-10,10.88999
2012-11-11,10.86870
2012-11-12,11.00801
2012-11-13,10.95120
2012-11-14,10.95000
2012-11-15,11.19771
2012-11-16,11.74889
2012-11-17,11.78889
2012-11-18,11.65152
2012-11-19,11.79990
2012-11-20,11.73281
2012-11-21,11.76999
2012-11-22,12.42191
2012-11-23,12.34501
2012-11-24,12.41153
2012-11-25,12.48210
2012-11-26,12.24546
2012-11-27,12.20000
2012-11-28,12.34769
2012-11-29,12.45000
2012-11-30,12.56500
2012-12-01,12.56201
2012-12-02,12.50004
2012-12-03,12.67899
2012-12-04,13.41000
2012-12-05,13.38000
2012-12-06,13.29899
2012-12-07,13.49990
2012-12-08,13.42007
2012-12-09,13.38800
2012-12-10,13.43335
2012-12-11,13.55703
2012-12-12,13.69890
2012-12-13,13.70010
2012-12-14,13.60004
2012-12-15,13.49011
2012-12-16,13.30002
2012-12-17,13.25005
2012-12-18,13.29899
2012-12-19,13.59900
2012-12-20,13.52463
2012-12-21,13.49998
2012-12-22,13.37136
2012-12-23,13.31202
2012-12-24,13.38001
2012-12-25,13.35001
2012-12-26,13.46786
2012-12-27,13.42174
2012-12-28,13.42119
2012-12-29,13.40000
2012-12-30,13.45001
2012-12-31,13.51001
2013-01-01,13.30413
2013-01-02,13.27999
2013-01-03,13.39786
2013-01-04,13.50000
2013-01-05,13.44000
2013-01-06,13.45395
2013-01-07,13.58755
2013-01-08,13.74275
2013-01-09,13.77001
2013-01-10,14.13999
2013-01-11,14.13701
2013-01-12,14.23699
2013-01-13,14.11601
2013-01-14,14.30002
2013-01-15,14.25003
2013-01-16,14.73000
2013-01-17,15.50001
2013-01-18,15.70499
2013-01-19,15.61500
2013-01-20,15.70000
2013-01-21,16.80000
2013-01-22,17.26142
2013-01-23,17.50004
2013-01-24,16.89596
2013-01-25,17.40001
2013-01-26,17.88000
2013-01-27,17.81821
2013-01-28,18.72101
2013-01-29,19.52538
2013-01-30,19.70001
2013-01-31,20.41001
2013-02-01,20.49897
2013-02-02,19.63001
2013-02-03,20.59000
2013-02-04,20.43005
2013-02-05,20.60001
2013-02-06,21.18000
2013-02-07,22.15000
2013-02-08,22.66000
2013-02-09,23.65000
2013-02-10,23.96975
2013-02-11,24.65000
2013-02-12,25.16975
2013-02-13,24.20000
2013-02-14,27.22050
2013-02-15,27.10000
2013-02-16,27.21584
2013-02-17,26.81460
2013-02-18,26.95000
2013-02-19,29.41759
2013-02-20,29.64501
2013-02-21,29.74768
2013-02-22,30.24539
2013-02-23,29.79999
2013-02-24,29.88999
2013-02-25,30.39999
2013-02-26,31.10000
2013-02-27,30.90120
2013-02-28,33.38000
2013-03-01,34.50000
2013-03-02,34.25000
2013-03-03,34.49999
2013-03-04,36.15200
2013-03-05,40.33000
2013-03-06,41.02010
2013-03-07,41.99999
2013-03-08,44.17999
2013-03-09,46.85000
2013-03-10,46.00000
2013-03-11,48.39999
2013-03-12,44.28994
2013-03-13,46.92002
2013-03-14,47.16960
2013-03-15,46.95000
2013-03-16,47.00019
2013-03-17,47.40000
2013-03-18,51.60001
2013-03-19,59.14001
2013-03-20,64.48880
2013-03-21,70.85000
2013-03-22,69.86501
2013-03-23,64.35000
2013-03-24,71.50000
2013-03-25,73.60000
2013-03-26,78.50000
2013-03-27,88.92000
2013-03-28,86.18000
2013-03-29,90.50000
2013-03-30,92.19003
2013-03-31,93.03001
2013-04-01,104.00000
2013-04-02,117.98000
2013-04-03,135.00000
2013-04-04,132.12001
2013-04-05,142.32356
2013-04-06,142.63112
2013-04-07,162.30102
2013-04-08,187.50000
2013-04-09,230.00000
2013-04-10,165.00000
2013-04-11,124.90000
2013-04-12,117.00000
2013-04-13,93.00000
2013-04-14,89.99999
2013-04-15,82.38601
2013-04-16,68.35568
2013-04-17,93.07000
2013-04-18,109.01000
2013-04-19,118.48000
2013-04-20,126.61552
2013-04-21,119.20000
2013-04-22,127.39999
2013-04-23,143.47500
2013-04-24,154.20000
2013-04-25,141.71002
2013-04-26,136.90001
2013-04-27,128.00011
2013-04-28,134.44444
2013-04-29,143.99991
2013-04-30,139.22690
2013-05-01,116.37999
2013-05-02,106.25000
2013-05-03,98.10000
2013-05-04,112.90000
2013-05-05,115.98000
2013-05-06,112.25000
2013-05-07,109.60013
2013-05-08,113.20000
2013-05-09,112.79900
2013-05-10,117.70000
2013-05-11,115.64000
2013-05-12,114.82002
2013-05-13,117.97968
2013-05-14,111.40000
2013-05-15,114.22000
2013-05-16,118.21000
2013-05-17,123.49997
2013-05-18,123.21100
2013-05-19,122.50000
2013-05-20,122.02000
2013-05-21,122.89001
2013-05-22,123.80000
2013-05-23,126.30000
2013-05-24,133.10000
2013-05-25,131.98600
2013-05-26,133.50000
2013-05-27,129.76999
2013-05-28,128.99996
2013-05-29,132.25000
2013-05-30,128.79901
2013-05-31,128.81505
2013-06-01,129.30000
2013-06-02,122.50000
2013-06-03,120.73716
2013-06-04,121.39997
2013-06-05,121.90001
2013-06-06,118.96990
2013-06-07,111.00000
2013-06-08,107.89242
2013-06-09,100.43743
2013-06-10,106.35001
2013-06-11,109.00000
2013-06-12,108.77592
2013-06-13,103.94900
2013-06-14,100.00000
2013-06-15,99.80000
2013-06-16,99.90000
2013-06-17,101.95000
2013-06-18,107.34998
2013-06-19,108.25100
2013-06-20,111.29000
2013-06-21,109.50000
2013-06-22,108.20000
2013-06-23,107.90001
2013-06-24,102.09000
2013-06-25,103.32933
2013-06-26,104.00000
2013-06-27,101.73678
2013-06-28,94.66000
2013-06-29,94.99900
2013-06-30,97.51000
2013-07-01,88.05000
2013-07-02,90.40502
2013-07-03,78.89000
2013-07-04,80.03565
2013-07-05,68.50001
2013-07-06,69.65500
2013-07-07,76.50000
2013-07-08,76.00003
2013-07-09,76.70000
2013-07-10,88.00000
2013-07-11,88.97901
2013-07-12,93.98994
2013-07-13,98.32000
2013-07-14,94.41986
2013-07-15,98.89028
2013-07-16,97.10000
2013-07-17,98.50001
2013-07-18,90.06889
2013-07-19,92.00000
2013-07-20,89.82138
2013-07-21,91.99800
2013-07-22,91.60100
2013-07-23,95.55851
2013-07-24,95.08999
2013-07-25,96.95000
2013-07-26,96.02015
2013-07-27,94.40000
2013-07-28,98.78002
2013-07-29,101.48400
2013-07-30,107.96000
2013-07-31,106.21188
2013-08-01,104.00000
2013-08-02,104.50102
2013-08-03,104.95000
2013-08-04,105.12000
2013-08-05,106.72001
2013-08-06,106.55641
2013-08-07,105.98993
2013-08-08,103.05000
2013-08-09,102.80000
2013-08-10,102.99999
2013-08-11,105.00000
2013-08-12,106.81349
2013-08-13,109.60000
2013-08-14,112.56205
2013-08-15,109.99497
2013-08-16,108.99438
2013-08-17,112.75000
2013-08-18,113.38000
2013-08-19,118.50203
2013-08-20,121.20001
2013-08-21,123.30002
2013-08-22,121.99994
2013-08-23,118.51002
2013-08-24,119.60255
2013-08-25,122.11102
2013-08-26,120.07000
2013-08-27,131.29500
2013-08-28,128.76000
2013-08-29,129.30034
2013-08-30,138.03002
2013-08-31,141.00000
2013-09-01,146.01003
2013-09-02,144.00000
2013-09-03,144.00000
2013-09-04,132.51000
2013-09-05,130.20002
2013-09-06,121.90000
2013-09-07,128.99496
2013-09-08,126.31501
2013-09-09,133.10000
2013-09-10,132.61636
2013-09-11,142.10000
2013-09-12,139.35499
2013-09-13,140.66000
2013-09-14,136.71490
2013-09-15,138.30020
2013-09-16,139.41938
2013-09-17,139.15001
2013-09-18,140.41238
2013-09-19,135.05037
2013-09-20,133.80726
2013-09-21,134.38000
2013-09-22,134.00001
2013-09-23,133.40000
2013-09-24,134.77880
2013-09-25,135.00000
2013-09-26,137.10002
2013-09-27,138.93000
2013-09-28,142.50000
2013-09-29,143.88402
2013-09-30,141.89650
2013-10-01,140.30000
2013-10-02,123.00000
2013-10-03,130.98925
2013-10-04,136.82222
2013-10-05,136.69511
2013-10-06,137.80000
2013-10-07,135.80001
2013-10-08,136.50002
2013-10-09,139.50000
2013-10-10,140.41013
2013-10-11,140.10000
2013-10-12,142.89995
2013-10-13,147.53000
2013-10-14,151.38003
2013-10-15,158.10000
2013-10-16,152.83000
2013-10-17,157.60001
2013-10-18,168.30000
2013-10-19,183.17999
2013-10-20,186.12000
2013-10-21,192.79500
2013-10-22,203.00000
2013-10-23,228.00000
2013-10-24,206.99500
2013-10-25,197.90999
2013-10-26,188.56002
2013-10-27,207.00010
2013-10-28,206.90000
2013-10-29,216.00000
2013-10-30,208.00000
2013-10-31,211.17140
2013-11-01,213.50000
2013-11-02,211.70001
2013-11-03,224.01001
2013-11-04,238.19039
2013-11-05,251.30000
2013-11-06,264.10000
2013-11-07,309.65900
2013-11-08,355.00000
2013-11-09,367.80000
2013-11-10,336.33101
2013-11-11,363.00000
2013-11-12,380.10000
2013-11-13,434.87999
2013-11-14,433.40000
2013-11-15,434.00000
2013-11-16,461.99990
2013-11-17,528.31991
2013-11-18,785.50007
2013-11-19,645.71675
2013-11-20,638.00000
2013-11-21,765.10001
2013-11-22,802.00000
2013-11-23,832.52400
2013-11-24,795.00000
2013-11-25,830.00000
2013-11-26,970.00000
2013-11-27,1080.00000
2013-11-28,1101.47497
2013-11-29,1206.97761
2013-11-30,1205.80000
2013-12-01,1004.42392
2013-12-02,1096.63251
2013-12-03,1155.00000
2013-12-04,1237.95500
2013-12-05,1106.43450
2013-12-06,845.00000
2013-12-07,696.99999
2013-12-08,804.00001
2013-12-09,918.99000
2013-12-10,1033.97500
2013-12-11,920.00000
2013-12-12,899.99990
2013-12-13,936.87547
2013-12-14,908.98998
2013-12-15,920.00000
2013-12-16,760.00000
2013-12-17,715.00000
2013-12-18,541.00001
2013-12-19,731.98999
2013-12-20,650.00000
2013-12-21,640.50000
2013-12-22,639.48000
2013-12-23,713.34506
2013-12-24,702.80000
2013-12-25,707.30000
2013-12-26,802.11000
2013-12-27,803.23000
2013-12-28,762.00500
2013-12-29,785.00501
2013-12-30,804.87996
2013-12-31,806.00503
2014-01-01,815.99500
2014-01-02,857.00000
2014-01-03,884.88800
2014-01-04,924.92499
2014-01-05,1015.00000
2014-01-06,1012.89899
2014-01-07,880.00000
2014-01-08,939.00000
2014-01-09,937.00000
2014-01-10,957.89998
2014-01-11,1005.50000
2014-01-12,940.00000
2014-01-13,923.10010
2014-01-14,920.00000
2014-01-15,941.31001
2014-01-16,914.00000
2014-01-17,894.40000
2014-01-18,906.00500
2014-01-19,954.99500
2014-01-20,956.00002
2014-01-21,962.36655
2014-01-22,951.00000
2014-01-23,945.00000
2014-01-24,917.05879
2014-01-25,961.23871
2014-01-26,1007.09456
2014-01-27,944.00000
2014-01-28,933.00003
2014-01-29,926.13124
2014-01-30,942.10001
2014-01-31,939.27508
2014-02-01,940.60000
2014-02-02,954.00000
2014-02-03,932.05000
2014-02-04,926.97999
2014-02-05,904.67000
2014-02-06,828.99999
2014-02-07,714.12206
2014-02-08,699.30255
2014-02-09,689.00000
2014-02-10,690.20000
2014-02-11,714.56111
2014-02-12,670.66590
2014-02-13,623.94582
2014-02-14,670.33964
2014-02-15,659.28340
2014-02-16,624.73111
2014-02-17,638.10160
2014-02-18,636.52010
2014-02-19,630.16179
2014-02-20,561.14602
2014-02-21,572.27440
2014-02-22,610.04308
2014-02-23,616.88000
2014-02-24,572.00000
2014-02-25,535.59831
2014-02-26,587.27133
2014-02-27,596.48629
2014-02-28,573.94119
2014-03-01,575.00000
2014-03-02,578.00000
2014-03-03,666.94350
2014-03-04,680.60000
2014-03-05,680.99000
2014-03-06,666.70413
2014-03-07,636.20048
2014-03-08,636.00880
2014-03-09,647.93490
2014-03-10,642.07570
2014-03-11,641.00000
2014-03-12,632.31094
2014-03-13,653.39758
2014-03-14,631.23955
2014-03-15,646.00000
2014-03-16,651.95000
2014-03-17,637.73128
2014-03-18,619.78308
2014-03-19,620.06200
2014-03-20,590.00000
2014-03-21,590.00000
2014-03-22,572.29918
2014-03-23,568.53521
2014-03-24,585.40025
2014-03-25,584.00000
2014-03-26,585.08510
2014-03-27,512.78880
2014-03-28,516.48107
2014-03-29,514.99000
2014-03-30,462.47601
2014-03-31,462.38593
2014-04-01,489.00000
2014-04-02,443.62500
2014-04-03,461.85000
2014-04-04,458.84148
2014-04-05,467.85000
2014-04-06,461.81827
2014-04-07,462.07946
2014-04-08,458.87469
2014-04-09,452.99853
2014-04-10,371.78350
2014-04-11,431.00000
2014-04-12,448.00000
2014-04-13,429.78990
2014-04-14,451.05736
2014-04-15,535.11388
2014-04-16,523.53017
2014-04-17,503.84789
2014-04-18,485.37368
2014-04-19,504.49054
2014-04-20,504.73422
2014-04-21,496.41683
2014-04-22,489.72443
2014-04-23,495.61699
2014-04-24,503.48132
2014-04-25,471.43037
2014-04-26,463.70172
2014-04-27,435.00000
2014-04-28,444.09466
2014-04-29,445.67967
2014-04-30,448.34318
2014-05-01,459.32469
2014-05-02,455.16381
2014-05-03,441.03514
2014-05-04,441.99999
2014-05-05,429.18000
2014-05-06,431.86952
2014-05-07,441.88615
2014-05-08,448.26174
2014-05-09,450.62503
2014-05-10,454.98804
2014-05-11,441.49669
2014-05-12,440.81786
2014-05-13,440.77900
2014-05-14,445.52000
2014-05-15,449.58704
2014-05-16,453.83236
2014-05-17,453.83236
2014-05-18,445.56000
2014-05-19,—
2014-05-20,493.42751
2014-05-21,494.77454
2014-05-22,530.00000
2014-05-23,521.46849
2014-05-24,529.99999
2014-05-25,574.04983
2014-05-26,583.19989
2014-05-27,575.53537
2014-05-28,575.83232
2014-05-29,570.49180
2014-05-30,616.08020
2014-05-31,629.03550
2014-06-01,628.96746
2014-06-02,660.00000
2014-06-03,671.42938
2014-06-04,650.47674
2014-06-05,657.01000
2014-06-06,653.40267
2014-06-07,659.80000
2014-06-08,656.43773
2014-06-09,643.43801
2014-06-10,646.88986
2014-06-11,617.99453
2014-06-12,571.13506
2014-06-13,589.68386
2014-06-14,565.18100
2014-06-15,595.38177
2014-06-16,597.13700
2014-06-17,608.97400
2014-06-18,605.88912
2014-06-19,595.93062
2014-06-20,593.90308
2014-06-21,590.58740
2014-06-22,596.23865
2014-06-23,584.42153
2014-06-24,586.15372
2014-06-25,564.42500
2014-06-26,575.93045
2014-06-27,597.69266
2014-06-28,590.21281
2014-06-29,589.76385
2014-06-30,637.00000
2014-07-01,640.00000
2014-07-02,646.57973
2014-07-03,647.52335
2014-07-04,635.25253
2014-07-05,628.98732
2014-07-06,629.09801
2014-07-07,625.98859
2014-07-08,617.03703
2014-07-09,627.89636
2014-07-10,614.47299
2014-07-11,629.45610
2014-07-12,639.38158
2014-07-13,626.50085
2014-07-14,626.23343
2014-07-15,620.02698
2014-07-16,625.22399
2014-07-17,624.97989
2014-07-18,625.99900
2014-07-19,630.00000
2014-07-20,619.00000
2014-07-21,629.76875
2014-07-22,618.68818
2014-07-23,618.62146
2014-07-24,605.63646
2014-07-25,596.08217
2014-07-26,600.00000
2014-07-27,600.00000
2014-07-28,591.90124
2014-07-29,583.20902
2014-07-30,566.75121
2014-07-31,590.16680
2014-08-01,596.40000
2014-08-02,590.48670
2014-08-03,578.85629
2014-08-04,596.24532
2014-08-05,579.00019
2014-08-06,—
2014-08-07,580.58354
2014-08-08,590.00000
2014-08-09,590.00000
2014-08-10,583.24163
2014-08-11,572.76593
2014-08-12,579.99771
2014-08-13,535.08056
2014-08-14,523.75872
2014-08-15,529.99999
2014-08-16,503.52000
2014-08-17,500.00000
2014-08-18,455.00000
2014-08-19,474.02001
2014-08-20,530.00000
2014-08-21,505.00000
2014-08-22,529.95385
2014-08-23,524.99999
2014-08-24,524.87999
2014-08-25,516.11742
2014-08-26,—
2014-08-27,524.85358
2014-08-28,495.08275
2014-08-29,524.87543
2014-08-30,524.26603
2014-08-31,509.98296
2014-09-01,490.01000
2014-09-02,524.76939
2014-09-03,—
2014-09-04,475.00651
2014-09-05,—
2014-09-06,524.77000
2014-09-07,480.00001
2014-09-08,488.76711
2014-09-09,475.00000
2014-09-10,475.00001
2014-09-11,475.00000
2014-09-12,—
2014-09-13,474.77000
2014-09-14,490.00000
2014-09-15,465.00781
2014-09-16,465.00001
2014-09-17,445.00001
2014-09-18,503.18147
2014-09-19,375.93621
2014-09-20,385.00001
2014-09-21,385.01001
2014-09-22,404.82901
2014-09-23,420.01001
2014-09-24,433.15178
2014-09-25,397.00000
2014-09-26,—
2014-09-27,—
2014-09-28,390.00000
2014-09-29,370.94491
2014-09-30,380.02001
2014-10-01,390.00000
2014-10-02,370.11002
2014-10-03,355.00000
2014-10-04,322.11186
2014-10-05,330.00000
2014-10-06,349.84513
2014-10-07,341.70602
2014-10-08,370.00000
2014-10-09,370.19002
2014-10-10,355.59170
2014-10-11,357.17874
2014-10-12,379.97000
2014-10-13,400.00000
2014-10-14,411.25545
2014-10-15,400.30913
2014-10-16,389.14365
2014-10-17,381.01050
2014-10-18,395.79193
2014-10-19,—
2014-10-20,391.24176
2014-10-21,391.58111
2014-10-22,388.70532
2014-10-23,368.63955
2014-10-24,373.34819
2014-10-25,359.51172
2014-10-26,362.50000
2014-10-27,364.30000
2014-10-28,365.12521
2014-10-29,335.06565
2014-10-30,346.02084
2014-10-31,347.95000
2014-11-01,320.00001
2014-11-02,323.93959
2014-11-03,325.00000
2014-11-04,325.00000
2014-11-05,328.20467
2014-11-06,348.00000
2014-11-07,347.07869
2014-11-08,349.99681
2014-11-09,350.00000
2014-11-10,355.00000
2014-11-11,371.69669
2014-11-12,423.48202
2014-11-13,415.00001
2014-11-14,395.00000
2014-11-15,379.99000
2014-11-16,380.00000
2014-11-17,400.00000
2014-11-18,375.02445
2014-11-19,389.99799
2014-11-20,354.38194
2014-11-21,360.00000
2014-11-22,369.99999
2014-11-23,370.00000
2014-11-24,372.00001
2014-11-25,376.00000
2014-11-26,372.87268
2014-11-27,376.90071
2014-11-28,387.00000
2014-11-29,379.08519
2014-11-30,386.31957
2014-12-01,374.02594
2014-12-02,375.09710
2014-12-03,380.00000
2014-12-04,379.74829
2014-12-05,375.18589
2014-12-06,374.00000
2014-12-07,373.07000
2014-12-08,375.99888
2014-12-09,345.48514
2014-12-10,345.55613
2014-12-11,372.12219
2014-12-12,360.00000
2014-12-13,352.00000
2014-12-14,350.00000
2014-12-15,342.03580
2014-12-16,330.09000
2014-12-17,329.99159
2014-12-18,311.00761
2014-12-19,349.98430
2014-12-20,330.99999
2014-12-21,325.01000
2014-12-22,327.06197
2014-12-23,338.74738
2014-12-24,320.38037
2014-12-25,—
2014-12-26,320.47921
2014-12-27,319.00000
2014-12-28,313.01017
2014-12-29,314.76001
2014-12-30,313.00000
2014-12-31,319.13780
2015-01-01,324.99703
2015-01-02,315.30403
2015-01-03,281.50556
2015-01-04,265.86907
2015-01-05,274.47008
2015-01-06,281.15113
2015-01-07,299.99973
2015-01-08,283.52532
2015-01-09,299.98516
2015-01-10,277.78000
2015-01-11,265.00000
2015-01-12,265.05737
2015-01-13,216.00001
2015-01-14,175.00000
2015-01-15,218.99940
2015-01-16,213.36243
2015-01-17,200.00000
2015-01-18,219.97540
2015-01-19,211.01000
2015-01-20,219.81882
2015-01-21,224.48500
2015-01-22,228.02561
2015-01-23,228.04286
2015-01-24,248.32250
2015-01-25,257.06000
2015-01-26,270.00000
2015-01-27,250.84686
2015-01-28,247.99527
2015-01-29,231.82976
2015-01-30,220.00103
2015-01-31,216.68998
2015-02-01,239.98261
2015-02-02,228.00000
2015-02-03,235.45066
2015-02-04,228.89529
2015-02-05,217.00000
2015-02-06,221.91560
2015-02-07,229.65995
2015-02-08,229.23140
2015-02-09,221.20000
2015-02-10,215.01000
2015-02-11,207.20000
2015-02-12,223.99999
2015-02-13,232.80282
2015-02-14,250.00000
2015-02-15,235.27280
2015-02-16,250.65756
2015-02-17,249.98294
2015-02-18,236.00001
2015-02-19,240.10000
2015-02-20,240.09028
2015-02-21,240.12031
2015-02-22,235.00000
2015-02-23,236.12010
2015-02-24,238.00000
2015-02-25,237.01552
2015-02-26,239.63507
2015-02-27,247.05224
2015-02-28,250.11000
2015-03-01,249.89344
2015-03-02,271.36702
2015-03-03,276.45248
2015-03-04,274.79073
2015-03-05,272.19753
2015-03-06,260.00005
2015-03-07,269.93423
2015-03-08,270.07622
2015-03-09,296.99983
2015-03-10,291.00000
2015-03-11,295.69750
2015-03-12,290.27606
2015-03-13,286.99089
2015-03-14,282.32767
2015-03-15,288.00000
2015-03-16,294.44197
2015-03-17,288.19920
2015-03-18,257.47999
2015-03-19,255.00001
2015-03-20,272.48632
2015-03-21,259.68252
2015-03-22,271.34000
2015-03-23,266.57785
2015-03-24,247.00000
2015-03-25,250.97809
2015-03-26,251.89850
2015-03-27,252.00000
2015-03-28,252.50000
2015-03-29,243.58836
2015-03-30,268.99959
2015-03-31,244.42198
2015-04-01,242.97551
2015-04-02,253.00000
2015-04-03,252.89904
2015-04-04,249.55506
2015-04-05,259.99476
2015-04-06,254.41999
2015-04-07,248.84735
2015-04-08,249.45692
2015-04-09,249.26784
2015-04-10,242.49256
2015-04-11,232.58320
2015-04-12,239.99978
2015-04-13,227.93527
2015-04-14,221.97962
2015-04-15,220.10885
2015-04-16,233.59987
2015-04-17,223.00599
2015-04-18,222.02479
2015-04-19,226.78856
2015-04-20,224.38750
2015-04-21,234.55422
2015-04-22,233.27000
2015-04-23,235.20829
2015-04-24,230.96250
2015-04-25,227.49000
2015-04-26,220.14750
2015-04-27,228.26001
2015-04-28,229.94526
2015-04-29,226.00000
2015-04-30,237.30750
2015-05-01,231.26250
2015-05-02,234.14507
2015-05-03,240.36019
2015-05-04,236.91500
2015-05-05,235.59250
2015-05-06,227.35500
2015-05-07,236.57249
2015-05-08,240.51051
2015-05-09,241.74408
2015-05-10,239.24004
2015-05-11,241.85502
2015-05-12,241.22251
2015-05-13,235.09016
2015-05-14,236.47000
2015-05-15,238.97589
2015-05-16,237.34752
2015-05-17,235.85750
2015-05-18,233.32992
2015-05-19,232.78497
2015-05-20,234.80351
2015-05-21,236.08750
2015-05-22,237.59000
2015-05-23,237.39019
2015-05-24,239.77001
2015-05-25,236.18998
2015-05-26,236.01749
2015-05-27,235.29999
2015-05-28,235.83266
2015-05-29,234.91168
2015-05-30,232.81331
2015-05-31,227.58963
2015-06-01,227.46908
2015-06-02,229.49735
2015-06-03,227.00000
2015-06-04,223.15499
2015-06-05,225.00497
2015-06-06,223.70128
2015-06-07,224.34529
2015-06-08,229.02749
2015-06-09,230.91728
2015-06-10,227.26254
2015-06-11,228.92250
2015-06-12,229.44253
2015-06-13,231.04020
2015-06-14,232.14500
2015-06-15,235.53501
2015-06-16,249.70750
2015-06-17,245.02500
2015-06-18,247.50000
2015-06-19,245.50000
2015-06-20,243.85281
2015-06-21,241.00000
2015-06-22,248.08457
2015-06-23,243.72210
2015-06-24,241.67089
2015-06-25,242.03894
2015-06-26,242.00000
2015-06-27,251.92750
2015-06-28,248.50000
2015-06-29,268.46790
2015-06-30,263.17660
2015-07-01,258.10360
2015-07-02,254.73617
2015-07-03,255.46944
2015-07-04,261.99900
2015-07-05,271.14397
2015-07-06,274.58940
2015-07-07,265.36000
2015-07-08,270.04031
2015-07-09,271.99975
2015-07-10,284.54000
2015-07-11,293.59999
2015-07-12,310.75750
2015-07-13,290.18100
2015-07-14,288.70809
2015-07-15,285.83994
2015-07-16,276.85939
2015-07-17,280.38000
2015-07-18,278.01000
2015-07-19,275.54000
2015-07-20,277.56408
2015-07-21,277.48000
2015-07-22,276.97500
2015-07-23,276.89000
2015-07-24,289.26089
2015-07-25,288.91613
2015-07-26,291.28494
2015-07-27,296.10159
2015-07-28,293.56002
2015-07-29,291.61259
2015-07-30,288.00000
2015-07-31,293.47977
2015-08-01,283.26740
2015-08-02,283.84130
2015-08-03,283.87017
2015-08-04,287.67861
2015-08-05,281.00001
2015-08-06,278.66964
2015-08-07,280.85541
2015-08-08,264.20000
2015-08-09,269.76927
2015-08-10,266.84753
2015-08-11,270.00000
2015-08-12,267.02540
2015-08-13,265.19999
2015-08-14,268.00000
2015-08-15,265.22000
2015-08-16,260.41942
2015-08-17,258.63910
2015-08-18,223.00277
2015-08-19,230.08400
2015-08-20,236.87410
2015-08-21,234.28494
2015-08-22,231.99031
2015-08-23,228.13041
2015-08-24,212.70097
2015-08-25,224.49439
2015-08-26,226.38149
2015-08-27,226.01100
2015-08-28,232.64160
2015-08-29,230.77732
2015-08-30,228.95377
2015-08-31,230.92000
2015-09-01,229.49000
2015-09-02,230.04000
2015-09-03,226.93880
2015-09-04,231.01000
2015-09-05,236.32090
2015-09-06,241.98999
2015-09-07,241.07000
2015-09-08,243.26770
2015-09-09,239.01000
2015-09-10,238.16310
2015-09-11,242.11885
2015-09-12,235.78000
2015-09-13,230.00000
2015-09-14,230.65360
2015-09-15,230.79412
2015-09-16,229.08477
2015-09-17,233.37000
2015-09-18,232.82780
2015-09-19,231.61000
2015-09-20,231.44000
2015-09-21,227.17100
2015-09-22,228.60000
2015-09-23,230.24000
2015-09-24,231.78240
2015-09-25,236.00000
2015-09-26,233.49000
2015-09-27,230.62000
2015-09-28,238.48800
2015-09-29,238.01963
2015-09-30,236.00000
2015-10-01,237.80000
2015-10-02,236.42883
2015-10-03,238.80000
2015-10-04,238.96704
2015-10-05,239.48001
2015-10-06,244.53000
2015-10-07,241.21889
2015-10-08,242.70000
2015-10-09,241.74515
2015-10-10,245.64004
2015-10-11,245.11008
2015-10-12,245.61063
2015-10-13,249.00000
2015-10-14,253.63800
2015-10-15,253.55870
2015-10-16,258.00000
2015-10-17,270.00000
2015-10-18,251.00000
2015-10-19,264.06003
2015-10-20,270.00000
2015-10-21,266.59313
2015-10-22,274.19999
2015-10-23,276.64180
2015-10-24,283.37508
2015-10-25,282.44000
2015-10-26,285.25000
2015-10-27,292.50710
2015-10-28,298.00000
2015-10-29,312.11121
2015-10-30,325.00000
2015-10-31,306.13040
2015-11-01,320.00000
2015-11-02,358.16998
2015-11-03,397.76999
2015-11-04,408.96258
2015-11-05,380.00000
2015-11-06,362.06000
2015-11-07,383.89000
2015-11-08,371.76380
2015-11-09,367.00000
2015-11-10,338.00000
2015-11-11,304.80001
2015-11-12,336.00000
2015-11-13,336.94840
2015-11-14,329.74310
2015-11-15,315.00001
2015-11-16,321.90688
2015-11-17,330.00000
2015-11-18,326.50003
2015-11-19,326.25999
2015-11-20,317.21000
2015-11-21,322.80000
2015-11-22,322.85000
2015-11-23,322.68425
2015-11-24,323.48000
2015-11-25,329.69000
2015-11-26,350.55000
2015-11-27,360.00000
2015-11-28,356.49998
2015-11-29,370.39000
2015-11-30,378.49993
2015-12-01,361.58200
2015-12-02,358.69000
2015-12-03,361.29800
2015-12-04,364.93447
2015-12-05,387.65000
2015-12-06,387.65480
2015-12-07,395.30000
2015-12-08,415.00000
2015-12-09,416.33000
2015-12-10,416.00000
2015-12-11,443.11900
2015-12-12,431.00000
2015-12-13,432.00000
2015-12-14,442.00000
2015-12-15,464.98000
2015-12-16,453.64860
2015-12-17,451.03435
2015-12-18,464.97099
2015-12-19,458.01000
2015-12-20,441.22000
2015-12-21,441.74999
2015-12-22,437.69000
2015-12-23,444.83000
2015-12-24,452.71225
2015-12-25,457.83999
2015-12-26,417.47000
2015-12-27,427.29000
2015-12-28,424.30000
2015-12-29,430.95000
2015-12-30,424.30871
2015-12-31,431.31000
2016-01-01,431.50531
2016-01-02,434.98000
2016-01-03,426.57001
2016-01-04,431.08415
2016-01-05,431.32000
2016-01-06,429.99000
2016-01-07,457.88354
2016-01-08,455.22000
2016-01-09,451.38000
2016-01-10,449.13000
2016-01-11,452.23059
2016-01-12,440.00000
2016-01-13,433.98170
2016-01-14,430.57505
2016-01-15,364.49000
2016-01-16,390.32800
2016-01-17,381.95022
2016-01-18,390.10000
2016-01-19,381.10022
2016-01-20,419.05010
2016-01-21,412.31000
2016-01-22,383.25000
2016-01-23,385.80986
2016-01-24,400.68011
2016-01-25,394.01000
2016-01-26,395.95000
2016-01-27,—
2016-01-28,—
2016-01-29,—
2016-01-30,—
2016-01-31,—
2016-02-01,—
2016-02-02,—
2016-02-03,—
2016-02-04,—
2016-02-05,—
2016-02-06,—
2016-02-07,—
2016-02-08,—
2016-02-09,—
2016-02-10,—
2016-02-11,—
2016-02-12,—
2016-02-13,—
2016-02-14,—
2016-02-15,—
2016-02-16,—
2016-02-17,—
2016-02-18,—
2016-02-19,—
2016-02-20,—
2016-02-21,—
2016-02-22,—
2016-02-23,—
2016-02-24,—
2016-02-25,—
2016-02-26,—
2016-02-27,—
2016-02-28,—
2016-02-29,—
2016-03-01,—
2016-03-02,—
2016-03-03,—
2016-03-04,—
2016-03-05,393.16100
2016-03-06,400.64900
2016-03-07,410.01000
2016-03-08,412.04000
2016-03-09,411.93000
2016-03-10,415.83000
2016-03-11,420.34900
2016-03-12,406.65500
2016-03-13,408.32000
2016-03-14,414.43100
2016-03-15,415.14000
2016-03-16,418.16600
2016-03-17,419.81200
2016-03-18,407.90100
2016-03-19,409.53000
2016-03-20,413.63900
2016-03-21,412.31800
2016-03-22,417.16000
2016-03-23,416.00000
2016-03-24,415.04000
2016-03-25,415.34100
2016-03-26,417.57300
2016-03-27,425.00700
2016-03-28,423.00000
2016-03-29,416.70000
2016-03-30,412.43200
2016-03-31,416.10000
2016-04-01,417.90000
2016-04-02,421.00000
2016-04-03,421.49700
2016-04-04,420.99000
2016-04-05,422.76000
2016-04-06,423.55000
2016-04-07,422.01000
2016-04-08,418.55100
2016-04-09,418.07900
2016-04-10,420.80000
2016-04-11,423.53000
2016-04-12,426.71000
2016-04-13,423.53800
2016-04-14,424.51900
2016-04-15,429.25000
2016-04-16,428.64900
2016-04-17,427.55000
2016-04-18,427.42000
2016-04-19,436.27700
2016-04-20,440.96500
2016-04-21,450.11800
2016-04-22,447.55900
2016-04-23,450.71100
2016-04-24,459.50000
2016-04-25,461.88200
2016-04-26,467.49000
2016-04-27,444.01000
2016-04-28,450.42000
2016-04-29,457.59000
2016-04-30,448.90600
2016-05-01,452.07200
2016-05-02,444.53500
2016-05-03,451.75000
2016-05-04,447.84100
2016-05-05,448.71000
2016-05-06,462.34100
2016-05-07,459.47000
2016-05-08,459.10000
2016-05-09,461.99000
2016-05-10,452.13000
2016-05-11,453.21000
2016-05-12,455.95000
2016-05-13,456.28100
2016-05-14,454.58100
2016-05-15,457.64900
2016-05-16,453.76900
2016-05-17,453.28300
2016-05-18,452.35000
2016-05-19,429.00000
2016-05-20,435.25500
2016-05-21,438.55100
2016-05-22,437.45000
2016-05-23,442.99000
2016-05-24,444.51600
2016-05-25,448.30000
2016-05-26,452.40900
2016-05-27,471.47100
2016-05-28,522.00000
2016-05-29,518.98200
2016-05-30,529.00000
2016-05-31,531.19000
2016-06-01,535.56500
2016-06-02,537.12200
2016-06-03,569.00000
2016-06-04,572.44700
2016-06-05,574.07400
2016-06-06,585.00000
2016-06-07,578.20000
2016-06-08,581.98000
2016-06-09,575.01400
2016-06-10,579.77000
2016-06-11,609.42100
2016-06-12,667.06300
2016-06-13,703.36900
2016-06-14,685.75000
2016-06-15,696.00000
2016-06-16,763.00800
2016-06-17,749.67000
2016-06-18,758.11000
2016-06-19,765.49000
2016-06-20,735.39000
2016-06-21,667.72500
2016-06-22,601.93600
2016-06-23,627.37500
2016-06-24,672.20300
2016-06-25,673.89300
2016-06-26,630.00000
2016-06-27,663.49900
2016-06-28,649.32200
2016-06-29,643.11900
2016-06-30,671.52400
2016-07-01,674.00000
2016-07-02,702.31000
2016-07-03,655.84000
2016-07-04,675.00100
2016-07-05,669.21000
2016-07-06,677.10000
2016-07-07,640.40000
2016-07-08,671.43600
2016-07-09,652.00000
2016-07-10,650.07000
2016-07-11,650.78000
2016-07-12,666.00000
2016-07-13,655.11000
2016-07-14,662.99000
2016-07-15,665.15000
2016-07-16,665.00000
2016-07-17,681.86000
2016-07-18,674.79000
2016-07-19,673.09200
2016-07-20,666.16100
2016-07-21,665.88000
2016-07-22,651.15000
2016-07-23,657.71800
2016-07-24,663.36600
2016-07-25,651.73600
2016-07-26,650.00000
2016-07-27,656.97900
2016-07-28,656.08000
2016-07-29,656.86000
2016-07-30,655.72000
2016-07-31,622.57000
2016-08-01,602.55100
2016-08-02,540.00000
2016-08-03,569.82000
2016-08-04,582.68300
2016-08-05,575.64000
2016-08-06,591.75800
2016-08-07,595.00000
2016-08-08,591.83100
2016-08-09,586.22000
2016-08-10,591.00000
2016-08-11,588.01000
2016-08-12,588.32000
2016-08-13,584.82000
2016-08-14,570.56000
2016-08-15,566.52000
2016-08-16,579.61000
2016-08-17,573.28000
2016-08-18,575.56000
2016-08-19,572.90000
2016-08-20,582.15000
2016-08-21,581.53000
2016-08-22,584.99000
2016-08-23,583.38000
2016-08-24,582.10900
2016-08-25,576.94000
2016-08-26,579.36000
2016-08-27,570.22000
2016-08-28,576.04300
2016-08-29,575.49200
2016-08-30,578.96000
2016-08-31,574.22000
2016-09-01,572.00000
2016-09-02,577.10000
2016-09-03,601.00000
2016-09-04,609.74000
2016-09-05,609.87400
2016-09-06,612.00100
2016-09-07,617.33500
2016-09-08,631.11900
2016-09-09,626.10000
2016-09-10,624.88900
2016-09-11,608.25600
2016-09-12,611.10700
2016-09-13,615.28900
2016-09-14,613.97100
2016-09-15,609.96200
2016-09-16,607.98000
2016-09-17,606.80000
2016-09-18,611.98900
2016-09-19,609.20000
2016-09-20,603.80000
2016-09-21,599.65000
2016-09-22,595.05300
2016-09-23,604.16800
2016-09-24,603.99900
2016-09-25,599.99800
2016-09-26,608.98000
2016-09-27,606.50500
2016-09-28,604.99900
2016-09-29,607.36900
2016-09-30,612.50000
2016-10-01,614.38500
2016-10-02,611.83700
2016-10-03,613.59800
2016-10-04,612.00000
2016-10-05,614.95600
2016-10-06,614.99600
2016-10-07,618.52900
2016-10-08,620.79000
2016-10-09,616.51000
2016-10-10,618.76000
2016-10-11,643.35500
2016-10-12,635.28000
2016-10-13,634.24300
2016-10-14,640.61000
2016-10-15,640.74900
2016-10-16,643.28000
2016-10-17,640.97600
2016-10-18,636.97000
2016-10-19,631.50000
2016-10-20,630.05000
2016-10-21,634.43000
2016-10-22,661.22300
2016-10-23,657.68300
2016-10-24,652.63000
2016-10-25,655.88900
2016-10-26,677.31800
2016-10-27,686.78800
2016-10-28,690.00000
2016-10-29,713.99000
2016-10-30,700.91700
2016-10-31,698.91900
2016-11-01,733.74400
2016-11-02,747.07000
2016-11-03,692.17900
2016-11-04,706.03600
2016-11-05,706.47800
2016-11-06,715.49700
2016-11-07,707.34500
2016-11-08,712.50000
2016-11-09,722.40000
2016-11-10,714.00000
2016-11-11,717.75000
2016-11-12,704.00000
2016-11-13,701.67000
2016-11-14,706.99400
2016-11-15,711.31000
2016-11-16,741.60300
2016-11-17,739.10000
2016-11-18,752.23200
2016-11-19,751.99000
2016-11-20,729.67700
2016-11-21,738.00000
2016-11-22,749.76000
2016-11-23,741.98000
2016-11-24,738.44000
2016-11-25,742.14000
2016-11-26,733.17000
2016-11-27,729.93000
2016-11-28,734.17000
2016-11-29,732.00000
2016-11-30,742.39600
2016-12-01,752.48900
2016-12-02,773.49900
2016-12-03,764.74500
2016-12-04,769.00000
2016-12-05,752.07900
2016-12-06,758.38300
2016-12-07,765.01100
2016-12-08,768.28800
2016-12-09,771.66800
2016-12-10,775.00000
2016-12-11,771.68100
2016-12-12,778.07400
2016-12-13,778.72000
2016-12-14,777.55900
2016-12-15,778.11000
2016-12-16,785.41000
2016-12-17,792.96900
2016-12-18,794.21100
2016-12-19,792.54000
2016-12-20,801.24900
2016-12-21,830.00000
2016-12-22,860.00000
2016-12-23,918.19000
2016-12-24,895.47000
2016-12-25,896.79900
2016-12-26,901.50100
2016-12-27,933.00000
2016-12-28,978.00100
2016-12-29,974.32000
2016-12-30,960.76900
2016-12-31,967.45000
2017-01-01,996.12100
2017-01-02,1017.79100
2017-01-03,1038.25000
2017-01-04,1133.21900
2017-01-05,1005.99000
2017-01-06,895.72300
2017-01-07,908.00000
2017-01-08,916.93900
2017-01-09,905.01000
2017-01-10,909.51700
2017-01-11,789.88400
2017-01-12,807.79400
2017-01-13,832.90000
2017-01-14,818.65100
2017-01-15,827.13900
2017-01-16,832.80600
2017-01-17,906.39300
2017-01-18,892.31100
2017-01-19,900.11000
2017-01-20,898.61900
2017-01-21,925.29800
2017-01-22,925.01000
2017-01-23,917.96800
2017-01-24,887.98500
2017-01-25,896.89000
2017-01-26,914.92600
2017-01-27,922.29900
2017-01-28,918.35900
2017-01-29,915.70200
2017-01-30,920.58000
2017-01-31,969.73900
2017-02-01,988.78900
2017-02-02,1009.99600
2017-02-03,1015.21000
2017-02-04,1029.39300
2017-02-05,1017.88600
2017-02-06,1027.01000
2017-02-07,1050.99800
2017-02-08,1055.83800
2017-02-09,988.38000
2017-02-10,1002.72600
2017-02-11,1011.00400
2017-02-12,1001.01700
2017-02-13,996.39100
2017-02-14,1016.47200
2017-02-15,1015.75000
2017-02-16,1039.87200
2017-02-17,1052.06500
2017-02-18,1058.90900
2017-02-19,1055.61000
2017-02-20,1088.68000
2017-02-21,1128.45800
2017-02-22,1125.66900
2017-02-23,1182.00000
2017-02-24,1185.00000
2017-02-25,1146.83400
2017-02-26,1167.00000
2017-02-27,1190.21100
2017-02-28,1180.00000
2017-03-01,1225.00000
2017-03-02,1254.00000
2017-03-03,1276.99900
2017-03-04,1261.26600
2017-03-05,1267.98400
2017-03-06,1275.00000
2017-03-07,1224.91700
2017-03-08,1143.38700
2017-03-09,1187.19400
2017-03-10,1111.00000
2017-03-11,1174.96900
2017-03-12,1224.36900
2017-03-13,1230.00000
2017-03-14,1243.99500
2017-03-15,1252.92000
2017-03-16,1165.10000
2017-03-17,1021.16000
2017-03-18,954.98800
2017-03-19,1017.93700
2017-03-20,1030.00000
2017-03-21,1110.36800
2017-03-22,1032.01000
2017-03-23,1024.03000
2017-03-24,921.30200
2017-03-25,951.07900
2017-03-26,961.87500
2017-03-27,1039.85100
2017-03-28,1043.28100
2017-03-29,1043.43000
2017-03-30,1040.00000
2017-03-31,1079.78000
2017-04-01,1091.72600
2017-04-02,1107.45900
2017-04-03,1148.42800
2017-04-04,1141.99800
2017-04-05,1138.16000
2017-04-06,1191.56000
2017-04-07,1191.88000
2017-04-08,1182.47000
2017-04-09,1211.00000
2017-04-10,1211.23000
2017-04-11,1223.49900
2017-04-12,1219.14900
2017-04-13,1174.13000
2017-04-14,1187.99100
2017-04-15,1175.00800
2017-04-16,1180.99800
2017-04-17,1197.50000
2017-04-18,1202.37800
2017-04-19,1204.20000
2017-04-20,1241.87700
2017-04-21,1248.99900
2017-04-22,1235.48800
2017-04-23,1242.48000
2017-04-24,1251.01600
2017-04-25,1276.07000
2017-04-26,1290.52100
2017-04-27,1333.70000
2017-04-28,1328.64000
2017-04-29,1335.92600
2017-04-30,1350.71700
2017-05-01,1397.23400
2017-05-02,1455.20000
2017-05-03,1513.59900
2017-05-04,1535.41500
2017-05-05,1518.03100
2017-05-06,1535.42200
2017-05-07,1505.16400
2017-05-08,1670.05900
2017-05-09,1721.74900
2017-05-10,1782.00000
2017-05-11,1836.05900
2017-05-12,1698.18800
2017-05-13,1783.57000
2017-05-14,1788.04000
2017-05-15,1739.75000
2017-05-16,1786.85000
2017-05-17,1836.05600
2017-05-18,1900.00000
2017-05-19,1961.79300
2017-05-20,2039.11400
2017-05-21,2011.10600
2017-05-22,2085.99200
2017-05-23,2231.96700
2017-05-24,2408.24000
2017-05-25,2259.20000
2017-05-26,2203.70900
2017-05-27,2008.00000
2017-05-28,2137.21300
2017-05-29,2245.27300
2017-05-30,2159.09700
2017-05-31,2291.30100
2017-06-01,2399.00000
2017-06-02,2487.18300
2017-06-03,2549.71900
2017-06-04,2520.55100
2017-06-05,2690.00000
2017-06-06,2867.00000
2017-06-07,2690.00100
2017-06-08,2811.63100
2017-06-09,2816.46700
2017-06-10,2816.26900
2017-06-11,2924.87900
2017-06-12,2609.44200
2017-06-13,2710.00000
2017-06-14,2452.68600
2017-06-15,2428.70700
2017-06-16,2470.30300
2017-06-17,2642.24300
2017-06-18,2497.76200
2017-06-19,2584.85800
2017-06-20,2705.10000
2017-06-21,2644.96800
2017-06-22,2684.98700
2017-06-23,2668.00000
2017-06-24,2547.43100
2017-06-25,2490.12600
2017-06-26,2405.00000
2017-06-27,2538.01000
2017-06-28,2554.02100
2017-06-29,2526.07400
2017-06-30,2445.00000
2017-07-01,2392.94800
2017-07-02,2505.57100
2017-07-03,2546.73000
2017-07-04,2599.07100
2017-07-05,2611.38700
2017-07-06,2605.64100
2017-07-07,2506.92800
2017-07-08,2547.84700
2017-07-09,2499.00100
2017-07-10,2339.22900
2017-07-11,2302.20000
2017-07-12,2373.84600
2017-07-13,2336.40200
2017-07-14,2216.17700
2017-07-15,1972.07000
2017-07-16,1907.23900
2017-07-17,2217.00000
2017-07-18,2310.80000
2017-07-19,2254.99800
2017-07-20,2854.88200
2017-07-21,2670.00000
2017-07-22,2831.13100
2017-07-23,2761.20000
2017-07-24,2755.89800
2017-07-25,2556.00200
2017-07-26,2525.00000
2017-07-27,2675.39200
2017-07-28,2800.00000
2017-07-29,2715.99900
2017-07-30,2799.00000
2017-07-31,2876.13300
2017-08-01,2727.02700
2017-08-02,2700.80000
2017-08-03,2797.03400
2017-08-04,2875.96800
2017-08-05,3256.31000
2017-08-06,3235.03200
2017-08-07,3395.00000
2017-08-08,3430.52000
2017-08-09,3371.87800
2017-08-10,3433.98900
2017-08-11,3670.00000
2017-08-12,3884.62600
2017-08-13,4084.00000
2017-08-14,4355.66200
2017-08-15,4172.20000
2017-08-16,4388.00000
2017-08-17,4291.00000
2017-08-18,4141.00000
2017-08-19,4179.73300
2017-08-20,4078.24400
2017-08-21,4005.70400
2017-08-22,4104.90000
2017-08-23,4151.00000
2017-08-24,4334.68200
2017-08-25,4390.98900
2017-08-26,4351.74900
2017-08-27,4338.46000
2017-08-28,4387.82800
2017-08-29,4590.16900
2017-08-30,4579.75000
2017-08-31,4737.27000
2017-09-01,4919.90000
2017-09-02,4630.40000
2017-09-03,4645.00000
2017-09-04,4344.11000
2017-09-05,4464.03000
2017-09-06,4641.60000
2017-09-07,4660.00000
2017-09-08,4385.00000
2017-09-09,4342.30000
2017-09-10,4287.10000
2017-09-11,4226.20000
2017-09-12,4173.60000
2017-09-13,3882.20000
2017-09-14,3254.20000
2017-09-15,3739.60000
2017-09-16,3716.40000
2017-09-17,3719.00000
2017-09-18,4091.50000
2017-09-19,3911.00000
2017-09-20,3863.10000
2017-09-21,3623.90000
2017-09-22,3606.80000
2017-09-23,3789.00000
2017-09-24,3672.70000
2017-09-25,3924.00000
2017-09-26,3885.90000
2017-09-27,4213.80000
2017-09-28,4190.00000
2017-09-29,4157.10000
2017-09-30,4344.00000
2017-10-01,4383.70000
2017-10-02,4401.70000
2017-10-03,4309.00000
2017-10-04,4223.60000
2017-10-05,4324.20000
2017-10-06,4363.10000
2017-10-07,4432.00000
2017-10-08,4592.00000
2017-10-09,4772.10000
2017-10-10,4748.50000
2017-10-11,4822.60000
2017-10-12,5429.70000
2017-10-13,5640.00000
2017-10-14,5800.00000
2017-10-15,5680.00000
2017-10-16,5738.80000
2017-10-17,5606.50000
2017-10-18,5579.40000
2017-10-19,5695.30000
2017-10-20,5999.00000
2017-10-21,6043.00000
2017-10-22,5997.60000
2017-10-23,5902.80000
2017-10-24,5545.50000
2017-10-25,5762.80000
2017-10-26,5890.60000
2017-10-27,5793.80000
2017-10-28,5750.00000
2017-10-29,6130.00000
2017-10-30,6124.50000
2017-10-31,6430.50000
2017-11-01,6741.90000
2017-11-02,7007.30000
2017-11-03,7160.00000
2017-11-04,7369.90000
2017-11-05,7380.00000
2017-11-06,6969.00000
2017-11-07,7128.10000
2017-11-08,7463.50000
2017-11-09,7152.40000
2017-11-10,6583.00000
2017-11-11,6330.00000
2017-11-12,5880.00000
2017-11-13,6528.00000
2017-11-14,6660.60000
2017-11-15,7260.00000
2017-11-16,7750.70000
2017-11-17,7695.70000
2017-11-18,7786.00000
2017-11-19,8000.00000
2017-11-20,8234.10000
2017-11-21,8113.10000
2017-11-22,8250.60000
2017-11-23,8030.00000
2017-11-24,8173.10000
2017-11-25,8690.00000
2017-11-26,9174.30000
2017-11-27,9580.00000
2017-11-28,9800.00000
2017-11-29,9795.80000
2017-11-30,10088.50000
2017-12-01,10896.10000
2017-12-02,10901.00000
2017-12-03,11235.10000
2017-12-04,11638.00000
2017-12-05,11736.20000
2017-12-06,13737.70000
2017-12-07,15899.00000
2017-12-08,15921.90000
2017-12-09,14682.90000
2017-12-10,14850.30000
2017-12-11,16578.00000
2017-12-12,16889.30000
2017-12-13,16150.10000
2017-12-14,16376.10000
2017-12-15,17500.00000
2017-12-16,19356.90000
2017-12-17,18920.60000
2017-12-18,18833.10000
2017-12-19,17600.50000
2017-12-20,16220.70000
2017-12-21,15180.00000
2017-12-22,13874.10000
2017-12-23,14560.90000
2017-12-24,13760.00000
2017-12-25,13865.00000
2017-12-26,15814.50000
2017-12-27,15445.90000
2017-12-28,14548.80000
2017-12-29,14400.80000
2017-12-30,12600.00000
2017-12-31,13990.00000
2018-01-01,13506.10000
2018-01-02,14882.00000
2018-01-03,15185.70000
2018-01-04,15266.60000
2018-01-05,16990.00000
2018-01-06,17088.00000
2018-01-07,16128.40000
2018-01-08,15022.60000
2018-01-09,14516.60000
2018-01-10,14937.60000
2018-01-11,13647.90000
2018-01-12,13503.00000
2018-01-13,14400.00000
2018-01-14,13711.20000
2018-01-15,13608.30000
2018-01-16,11533.20000
2018-01-17,11185.00000
2018-01-18,11286.00000
2018-01-19,11598.10000
2018-01-20,12845.90000
2018-01-21,11556.00000
2018-01-22,10811.30000
2018-01-23,10849.90000
2018-01-24,11419.80000
2018-01-25,11159.30000
2018-01-26,11080.80000
2018-01-27,11386.00000
2018-01-28,11629.90000
2018-01-29,11150.00000
2018-01-30,9979.80000
2018-01-31,10101.60000
2018-02-01,9037.60000
2018-02-02,8772.60000
2018-02-03,9167.90000
2018-02-04,8130.20000
2018-02-05,6843.70000
2018-02-06,7677.00000
2018-02-07,7559.00000
2018-02-08,8231.00000
2018-02-09,8680.10000
2018-02-10,8555.70000
2018-02-11,8056.10000
2018-02-12,8906.30000
2018-02-13,8517.70000
2018-02-14,9489.70000
2018-02-15,10037.00000
2018-02-16,10188.50000
2018-02-17,11100.00000
2018-02-18,10430.00000
2018-02-19,11165.10000
2018-02-20,11242.30000
2018-02-21,10468.10000
2018-02-22,9840.20000
2018-02-23,10157.70000
2018-02-24,9688.00000
2018-02-25,9580.00000
2018-02-26,10322.10000
2018-02-27,10551.00000
2018-02-28,10310.00000
2018-03-01,10920.00000
2018-03-02,11031.30000
2018-03-03,11428.00000
2018-03-04,11512.10000
2018-03-05,11433.90000
2018-03-06,10731.50000
2018-03-07,9903.00000
2018-03-08,9279.90000
2018-03-09,9244.50000
2018-03-10,8752.00000
2018-03-11,9526.20000
2018-03-12,9102.80000
2018-03-13,9141.30000
2018-03-14,8174.20000
2018-03-15,8248.60000
2018-03-16,8251.00000
2018-03-17,7843.40000
2018-03-18,8183.20000
2018-03-19,8610.20000
2018-03-20,8912.00000
2018-03-21,8880.00000
2018-03-22,8711.50000
2018-03-23,8916.80000
2018-03-24,8530.00000
2018-03-25,8444.40000
2018-03-26,8137.80000
2018-03-27,7786.70000
2018-03-28,7943.30000
2018-03-29,7080.10000
2018-03-30,6804.00000
2018-03-31,6911.10000
2018-04-01,6810.00000
2018-04-02,7054.70000
2018-04-03,7414.80000
2018-04-04,6790.40000
2018-04-05,6763.50000
2018-04-06,6616.20000
2018-04-07,6893.10000
2018-04-08,7014.50000
2018-04-09,6773.40000
2018-04-10,6830.00000
2018-04-11,6941.00000
2018-04-12,7919.90000
2018-04-13,7882.50000
2018-04-14,8004.90000
2018-04-15,8363.30000
2018-04-16,8057.10000
2018-04-17,7893.10000
2018-04-18,8170.00000
2018-04-19,8275.70000
2018-04-20,8875.00000
2018-04-21,8944.60000
2018-04-22,8811.80000
2018-04-23,8954.10000
2018-04-24,9661.70000
2018-04-25,8855.70000
2018-04-26,9291.40000
2018-04-27,8917.80000
2018-04-28,9339.20000
2018-04-29,9411.20000
2018-04-30,9243.20000
2018-05-01,9081.30000
2018-05-02,9217.10000
2018-05-03,9735.90000
2018-05-04,9688.90000
2018-05-05,9795.00000
2018-05-06,9604.90000
2018-05-07,9360.60000
2018-05-08,9172.70000
2018-05-09,9305.40000
2018-05-10,9011.00000
2018-05-11,8407.80000
2018-05-12,8479.00000
2018-05-13,8698.20000
2018-05-14,8660.80000
2018-05-15,8462.80000
2018-05-16,8344.90000
2018-05-17,8064.00000
2018-05-18,8231.90000
2018-05-19,8233.80000
2018-05-20,8518.90000
2018-05-21,8390.80000
2018-05-22,7989.10000
2018-05-23,7500.30000
2018-05-24,7572.00000
2018-05-25,7466.00000
2018-05-26,7330.00000
2018-05-27,7325.90000
2018-05-28,7102.60000
2018-05-29,7462.60000
2018-05-30,7374.90000
2018-05-31,7485.60000
2018-06-01,7504.20000
2018-06-02,7636.10000
2018-06-03,7716.80000
2018-06-04,7495.50000
2018-06-05,7622.00000
2018-06-06,7659.80000
2018-06-07,7679.40000
2018-06-08,7611.90000
2018-06-09,7495.10000
2018-06-10,6767.90000
2018-06-11,6877.00000
2018-06-12,6547.20000
2018-06-13,6294.20000
2018-06-14,6640.70000
2018-06-15,6387.60000
2018-06-16,6481.40000
2018-06-17,6440.80000
2018-06-18,6706.60000
2018-06-19,6740.20000
2018-06-20,6755.40000
2018-06-21,6716.10000
2018-06-22,6055.50000
2018-06-23,6154.10000
2018-06-24,6150.10000
2018-06-25,6245.50000
2018-06-26,6081.30000
2018-06-27,6134.20000
2018-06-28,5858.60000
2018-06-29,6196.90000
2018-06-30,6387.90000
2018-07-01,6345.80000
2018-07-02,6617.70000
2018-07-03,6495.50000
2018-07-04,6584.20000
2018-07-05,6526.20000
2018-07-06,6595.40000
2018-07-07,6755.10000
2018-07-08,6704.70000
2018-07-09,6662.50000
2018-07-10,6304.60000
2018-07-11,6377.90000
2018-07-12,6242.50000
2018-07-13,6214.90000
2018-07-14,6250.40000
2018-07-15,6335.40000
2018-07-16,6727.00000
2018-07-17,7316.90000
2018-07-18,7367.40000
2018-07-19,7472.30000
2018-07-20,7320.00000
2018-07-21,7396.70000
2018-07-22,7401.10000
2018-07-23,7720.00000
2018-07-24,8401.80000
2018-07-25,8166.00000
2018-07-26,7925.00000
2018-07-27,8177.00000
2018-07-28,8230.80000
2018-07-29,8213.50000
2018-07-30,8170.00000
2018-07-31,7726.00000
2018-08-01,7604.10000
2018-08-02,7534.80000
2018-08-03,7415.00000
2018-08-04,7024.50000
2018-08-05,7026.90000
2018-08-06,6935.70000
2018-08-07,6717.80000
2018-08-08,6275.90000
2018-08-09,6536.00000
2018-08-10,6141.50000
2018-08-11,6231.80000
2018-08-12,6312.20000
2018-08-13,6250.00000
2018-08-14,6196.80000
2018-08-15,6269.50000
2018-08-16,6316.00000
2018-08-17,6589.20000
2018-08-18,6400.00000
2018-08-19,6475.10000
2018-08-20,6257.20000
2018-08-21,6475.50000
2018-08-22,6359.80000
2018-08-23,6527.20000
2018-08-24,6693.30000
2018-08-25,6732.30000
2018-08-26,6710.00000
2018-08-27,6909.00000
2018-08-28,7076.70000
2018-08-29,7022.70000
2018-08-30,6983.10000
2018-08-31,7015.80000
2018-09-01,7191.30000
2018-09-02,7294.70000
2018-09-03,7256.10000
2018-09-04,7359.30000
2018-09-05,6686.60000
2018-09-06,6494.80000
2018-09-07,6397.60000
2018-09-08,6183.20000
2018-09-09,6230.90000
2018-09-10,6304.50000
2018-09-11,6282.30000
2018-09-12,6319.50000
2018-09-13,6487.10000
2018-09-14,6482.90000
2018-09-15,6520.00000
2018-09-16,6497.90000
2018-09-17,6250.00000
2018-09-18,6330.50000
2018-09-19,6392.10000
2018-09-20,6392.00000
2018-09-21,—
2018-09-22,6717.00000
2018-09-23,6700.00000
2018-09-24,6579.20000
2018-09-25,6435.00000
2018-09-26,6453.50000
2018-09-27,6683.80000
2018-09-28,6622.30000
2018-09-29,6582.70000
2018-09-30,6604.10000
2018-10-01,6572.60000
2018-10-02,6500.00000
2018-10-03,6463.90000
2018-10-04,6547.40000
2018-10-05,6580.10000
2018-10-06,6550.00000
2018-10-07,6570.50000
2018-10-08,6610.00000
2018-10-09,6585.10000
2018-10-10,6530.50000
2018-10-11,6150.10000
2018-10-12,6192.20000
2018-10-13,6197.90000
2018-10-14,6181.80000
2018-10-15,6438.50000
2018-10-16,6460.40000
2018-10-17,6442.50000
2018-10-18,6395.40000
2018-10-19,6384.20000
2018-10-20,6412.30000
2018-10-21,6410.00000
2018-10-22,6409.60000
2018-10-23,6394.40000
2018-10-24,6413.90000
2018-10-25,6393.00000
2018-10-26,6409.30000
2018-10-27,6410.40000
2018-10-28,6408.10000
2018-10-29,6266.30000
2018-10-30,6275.00000
2018-10-31,6307.50000
2018-11-01,6339.90000
2018-11-02,6346.20000
2018-11-03,6331.40000
2018-11-04,6419.90000
2018-11-05,6405.90000
2018-11-06,6451.30000
2018-11-07,6503.30000
2018-11-08,6408.80000
2018-11-09,6335.40000
2018-11-10,6349.00000
2018-11-11,6358.20000
2018-11-12,6327.30000
2018-11-13,6260.00000
2018-11-14,5600.90000
2018-11-15,5570.60000
2018-11-16,5514.40000
2018-11-17,5499.30000
2018-11-18,5560.90000
2018-11-19,4741.20000
2018-11-20,4361.40000
2018-11-21,4548.20000
2018-11-22,4262.60000
2018-11-23,4286.40000
2018-11-24,3780.00000
2018-11-25,3932.90000
2018-11-26,3727.10000
2018-11-27,3770.70000
2018-11-28,4219.80000
2018-11-29,4241.90000
2018-11-30,3969.40000
2018-12-01,4138.40000
2018-12-02,4101.90000
2018-12-03,3832.70000
2018-12-04,3904.70000
2018-12-05,3694.30000
2018-12-06,3435.50000
2018-12-07,3379.30000
2018-12-08,3396.90000
2018-12-09,3539.50000
2018-12-10,3408.00000
2018-12-11,3348.10000
2018-12-12,3435.20000
2018-12-13,3260.00000
2018-12-14,3194.90000
2018-12-15,3180.10000
2018-12-16,3189.70000
2018-12-17,3502.00000
2018-12-18,3669.10000
2018-12-19,3683.60000
2018-12-20,4074.40000
2018-12-21,3838.50000
2018-12-22,3981.30000
2018-12-23,3940.20000
2018-12-24,4033.60000
2018-12-25,3778.50000
2018-12-26,3808.20000
2018-12-27,3588.60000
2018-12-28,3890.50000
2018-12-29,3725.00000
2018-12-30,3832.40000
2018-12-31,3691.90000
2019-01-01,3820.10000
2019-01-02,3886.20000
2019-01-03,3786.50000
2019-01-04,3823.70000
2019-01-05,3796.60000
2019-01-06,4041.10000
2019-01-07,4005.30000
2019-01-08,3992.90000
2019-01-09,3999.90000
2019-01-10,3623.50000
2019-01-11,3635.10000
2019-01-12,3616.50000
2019-01-13,3512.60000
2019-01-14,3664.80000
2019-01-15,3587.00000
2019-01-16,3606.60000
2019-01-17,3644.00000
2019-01-18,3612.20000
2019-01-19,3683.00000
2019-01-20,3530.60000
2019-01-21,3533.40000
2019-01-22,3575.80000
2019-01-23,3556.10000
2019-01-24,3571.30000
2019-01-25,3560.10000
2019-01-26,3556.20000
2019-01-27,3533.40000
2019-01-28,3431.00000
2019-01-29,3395.00000
2019-01-30,3435.40000
2019-01-31,3409.60000
2019-02-01,3437.20000
2019-02-02,3466.00000
2019-02-03,3415.20000
2019-02-04,3413.90000
2019-02-05,3429.50000
2019-02-06,3367.40000
2019-02-07,3360.30000
2019-02-08,3622.00000
2019-02-09,3625.70000
2019-02-10,3647.10000
2019-02-11,3591.70000
2019-02-12,3588.90000
2019-02-13,3574.00000
2019-02-14,3562.30000
2019-02-15,3567.40000
2019-02-16,3580.10000
2019-02-17,3625.10000
2019-02-18,3870.70000
2019-02-19,3888.10000
2019-02-20,3942.00000
2019-02-21,3897.10000
2019-02-22,3940.50000
2019-02-23,4113.30000
2019-02-24,3732.20000
2019-02-25,3819.80000
2019-02-26,3796.20000
2019-02-27,3799.10000
2019-02-28,3793.70000
2019-03-01,3804.70000
2019-03-02,3809.90000
2019-03-03,3785.70000
2019-03-04,3700.10000
2019-03-05,3844.90000
2019-03-06,3851.70000
2019-03-07,3854.00000
2019-03-08,3844.30000
2019-03-09,3919.20000
2019-03-10,3897.90000
2019-03-11,3850.70000
2019-03-12,3863.10000
2019-03-13,3853.40000
2019-03-14,3853.90000
2019-03-15,3900.20000
2019-03-16,3989.20000
2019-03-17,3965.00000
2019-03-18,3969.60000
2019-03-19,4000.00000
2019-03-20,4032.10000
2019-03-21,3972.40000
2019-03-22,3982.10000
2019-03-23,3982.50000
2019-03-24,3969.30000
2019-03-25,3905.90000
2019-03-26,3918.90000
2019-03-27,4025.80000
2019-03-28,4013.80000
2019-03-29,4088.90000
2019-03-30,4090.90000
2019-03-31,4095.20000
2019-04-01,4137.80000
2019-04-02,4902.90000
2019-04-03,4972.20000
2019-04-04,4905.70000
2019-04-05,5038.10000
2019-04-06,5044.40000
2019-04-07,5194.20000
2019-04-08,5285.10000
2019-04-09,5190.80000
2019-04-10,5321.00000
2019-04-11,5041.70000
2019-04-12,5078.80000
2019-04-13,5065.60000
2019-04-14,5158.40000
2019-04-15,5034.80000
2019-04-16,5204.10000
2019-04-17,5224.90000
2019-04-18,5282.80000
2019-04-19,5286.00000
2019-04-20,5316.50000
2019-04-21,5297.00000
2019-04-22,5384.00000
2019-04-23,5525.40000
2019-04-24,5442.20000
2019-04-25,5128.70000
2019-04-26,5153.00000
2019-04-27,5168.50000
2019-04-28,5156.10000
2019-04-29,5149.00000
2019-04-30,5272.20000
2019-05-01,5323.30000
2019-05-02,5390.00000
2019-05-03,5660.00000
2019-05-04,5763.50000
2019-05-05,5716.90000
2019-05-06,5687.40000
2019-05-07,5744.00000
2019-05-08,5939.60000
2019-05-09,6151.40000
2019-05-10,6337.90000
2019-05-11,7209.90000
2019-05-12,6973.90000
2019-05-13,7816.30000
2019-05-14,7993.70000
2019-05-15,8203.00000
2019-05-16,7880.70000
2019-05-17,7350.00000
2019-05-18,7266.80000
2019-05-19,8194.90000
2019-05-20,8005.00000
2019-05-21,7951.90000
2019-05-22,7622.10000
2019-05-23,7878.90000
2019-05-24,8000.00000
2019-05-25,8066.50000
2019-05-26,8736.30000
2019-05-27,8778.70000
2019-05-28,8720.10000
2019-05-29,8663.20000
2019-05-30,8269.60000
2019-05-31,8552.90000
2019-06-01,8549.90000
2019-06-02,8742.50000
2019-06-03,8120.00000
2019-06-04,7670.00000
2019-06-05,7787.10000
2019-06-06,7804.30000
2019-06-07,8000.50000
2019-06-08,7928.70000
2019-06-09,7642.10000
2019-06-10,8019.90000
2019-06-11,7921.40000
2019-06-12,8171.00000
2019-06-13,8237.60000
2019-06-14,8694.00000
2019-06-15,8856.80000
2019-06-16,8976.10000
2019-06-17,9335.00000
2019-06-18,9080.50000
2019-06-19,9277.10000
2019-06-20,9534.30000
2019-06-21,10219.20000
2019-06-22,10663.80000
2019-06-23,10814.10000
2019-06-24,11020.60000
2019-06-25,11765.10000
2019-06-26,12933.70000
2019-06-27,11148.00000
2019-06-28,12360.00000
2019-06-29,11865.10000
2019-06-30,10752.30000
2019-07-01,10575.90000
2019-07-02,10837.30000
2019-07-03,11979.80000
2019-07-04,11148.30000
2019-07-05,11006.00000
2019-07-06,11233.50000
2019-07-07,11480.70000
2019-07-08,12298.00000
2019-07-09,12570.50000
2019-07-10,12096.20000
2019-07-11,11343.50000
2019-07-12,11798.10000
2019-07-13,11381.50000
2019-07-14,10621.10000
2019-07-15,10840.40000
2019-07-16,9420.30000
2019-07-17,9703.90000
2019-07-18,10636.60000
2019-07-19,10535.20000
2019-07-20,10774.90000
2019-07-21,10595.30000
2019-07-22,10323.90000
2019-07-23,9840.60000
2019-07-24,9769.80000
2019-07-25,9878.00000
2019-07-26,9852.00000
2019-07-27,9471.80000
2019-07-28,9531.70000
2019-07-29,9499.90000
2019-07-30,9594.10000
2019-07-31,10090.10000
2019-08-01,10408.90000
2019-08-02,10531.50000
2019-08-03,10809.90000
2019-08-04,10972.40000
2019-08-05,11799.60000
2019-08-06,11458.80000
2019-08-07,11962.70000
2019-08-08,11982.60000
2019-08-09,11857.60000
2019-08-10,11284.70000
2019-08-11,11526.70000
2019-08-12,11384.20000
2019-08-13,10857.00000
2019-08-14,10018.00000
2019-08-15,10304.50000
2019-08-16,10362.10000
2019-08-17,10211.80000
2019-08-18,10326.40000
2019-08-19,10921.80000
2019-08-20,10759.90000
2019-08-21,10125.00000
2019-08-22,10107.90000
2019-08-23,10406.30000
2019-08-24,10140.50000
2019-08-25,10134.50000
2019-08-26,10364.60000
2019-08-27,10177.30000
2019-08-28,9716.10000
2019-08-29,9484.30000
2019-08-30,9578.00000
2019-08-31,9604.30000
2019-09-01,9764.90000
2019-09-02,10389.50000
2019-09-03,10614.60000
2019-09-04,10584.90000
2019-09-05,10574.90000
2019-09-06,10311.80000
2019-09-07,10483.40000
2019-09-08,10408.60000
2019-09-09,10314.50000
2019-09-10,10094.50000
2019-09-11,10160.70000
2019-09-12,10420.00000
2019-09-13,10362.10000
2019-09-14,10363.20000
2019-09-15,10311.30000
2019-09-16,10260.60000
2019-09-17,10190.00000
2019-09-18,10157.60000
2019-09-19,10274.40000
2019-09-20,10173.30000
2019-09-21,9978.40000
2019-09-22,10029.10000
2019-09-23,9686.90000
2019-09-24,8536.70000
2019-09-25,8439.00000
2019-09-26,8060.30000
2019-09-27,8196.00000
2019-09-28,8213.50000
2019-09-29,8053.10000
2019-09-30,8310.00000
2019-10-01,8323.00000
2019-10-02,8382.30000
2019-10-03,8238.10000
2019-10-04,8152.20000
2019-10-05,8148.40000
2019-10-06,7863.00000
2019-10-07,8213.40000
2019-10-08,8189.60000
2019-10-09,8590.80000
2019-10-10,8588.60000
2019-10-11,8270.60000
2019-10-12,8305.10000
2019-10-13,8280.00000
2019-10-14,8354.60000
2019-10-15,8164.50000
2019-10-16,8000.00000
2019-10-17,8077.10000
2019-10-18,7956.40000
2019-10-19,7958.90000
2019-10-20,8240.20000
2019-10-21,8217.80000
2019-10-22,8020.60000
2019-10-23,7475.00000
2019-10-24,7428.50000
2019-10-25,8665.20000
2019-10-26,9258.20000
2019-10-27,9543.10000
2019-10-28,9218.70000
2019-10-29,9435.70000
2019-10-30,9166.20000
2019-10-31,9146.70000
2019-11-01,9258.90000
2019-11-02,9303.60000
2019-11-03,9209.30000
2019-11-04,9415.30000
2019-11-05,9315.40000
2019-11-06,9338.40000
2019-11-07,9205.00000
2019-11-08,8766.00000
2019-11-09,8812.00000
2019-11-10,9039.10000
2019-11-11,8717.00000
2019-11-12,8812.80000
2019-11-13,8762.10000
2019-11-14,8632.10000
2019-11-15,8456.00000
2019-11-16,8485.10000
2019-11-17,8503.20000
2019-11-18,8170.10000
2019-11-19,8122.10000
2019-11-20,8083.10000
2019-11-21,7619.10000
2019-11-22,7284.80000
2019-11-23,7322.60000
2019-11-24,6903.90000
2019-11-25,7127.80000
2019-11-26,7161.60000
2019-11-27,7525.90000
2019-11-28,7427.90000
2019-11-29,7756.80000
2019-11-30,7558.90000
2019-12-01,7398.40000
2019-12-02,7305.80000
2019-12-03,7294.10000
2019-12-04,7190.50000
2019-12-05,7394.00000
2019-12-06,7545.70000
2019-12-07,7509.20000
2019-12-08,7521.00000
2019-12-09,7334.50000
2019-12-10,7219.30000
2019-12-11,7202.00000
2019-12-12,7190.10000
2019-12-13,7251.90000
2019-12-14,7067.50000
2019-12-15,7113.70000
2019-12-16,6876.70000
2019-12-17,6611.10000
2019-12-18,7287.90000
2019-12-19,7149.80000
2019-12-20,7191.50000
2019-12-21,7143.50000
2019-12-22,7510.00000
2019-12-23,7324.00000
2019-12-24,7253.30000
2019-12-25,7192.10000
2019-12-26,7195.50000
2019-12-27,7246.40000
2019-12-28,7300.10000
2019-12-29,7391.00000
2019-12-30,7209.70000
2019-12-31,7168.30000
2020-01-01,7174.40000
2020-01-02,6942.30000
2020-01-03,7334.80000
2020-01-04,7350.20000
2020-01-05,7346.90000
2020-01-06,7757.30000
2020-01-07,8160.00000
2020-01-08,8043.30000
2020-01-09,7818.00000
2020-01-10,8191.90000
2020-01-11,8026.20000
2020-01-12,8177.30000
2020-01-13,8104.00000
2020-01-14,8815.50000
2020-01-15,8810.30000
2020-01-16,8717.80000
2020-01-17,8901.50000
2020-01-18,8907.70000
2020-01-19,8705.80000
2020-01-20,8629.40000
2020-01-21,8723.30000
2020-01-22,8659.00000
2020-01-23,8390.10000
2020-01-24,8426.80000
2020-01-25,8325.00000
2020-01-26,8592.70000
2020-01-27,8891.80000
2020-01-28,9399.90000
2020-01-29,9280.90000
2020-01-30,9500.00000
2020-01-31,9339.30000
2020-02-01,9377.10000
2020-02-02,9322.20000
2020-02-03,9281.00000
2020-02-04,9159.30000
2020-02-05,9616.20000
2020-02-06,9754.70000
2020-02-07,9799.60000
2020-02-08,9904.30000
2020-02-09,10160.10000
2020-02-10,9850.10000
2020-02-11,10273.20000
2020-02-12,10354.60000
2020-02-13,10241.60000
2020-02-14,10370.80000
2020-02-15,9904.60000
2020-02-16,9923.90000
2020-02-17,9702.10000
2020-02-18,10180.00000
2020-02-19,9602.20000
2020-02-20,9610.70000
2020-02-21,9698.20000
2020-02-22,9671.50000
2020-02-23,9966.10000
2020-02-24,9664.60000
2020-02-25,9309.50000
2020-02-26,8783.50000
2020-02-27,8810.30000
2020-02-28,8715.50000
2020-02-29,8529.10000
2020-03-01,8530.00000
2020-03-02,8924.70000
2020-03-03,8752.80000
2020-03-04,8758.70000
2020-03-05,9066.00000
2020-03-06,9154.90000
2020-03-07,8899.50000
2020-03-08,8035.60000
2020-03-09,7927.80000
2020-03-10,7886.90000
2020-03-11,7943.30000
2020-03-12,4850.00000
2020-03-13,5630.20000
2020-03-14,5162.20000
2020-03-15,5340.10000
2020-03-16,5042.30000
2020-03-17,5331.70000
2020-03-18,5415.20000
2020-03-19,6184.50000
2020-03-20,6206.80000
2020-03-21,6196.30000
2020-03-22,5825.50000
2020-03-23,6505.10000
2020-03-24,6769.00000
2020-03-25,6689.90000
2020-03-26,6767.00000
2020-03-27,6376.40000
2020-03-28,6251.80000
2020-03-29,5875.00000
2020-03-30,6403.20000
2020-03-31,6422.10000
2020-04-01,6662.90000
2020-04-02,6803.80000
2020-04-03,6738.60000
2020-04-04,6873.20000
2020-04-05,6779.40000
2020-04-06,7343.50000
2020-04-07,7206.20000
2020-04-08,7368.00000
2020-04-09,7294.10000
2020-04-10,6873.80000
2020-04-11,6889.60000
2020-04-12,6903.70000
2020-04-13,6861.60000
2020-04-14,6874.50000
2020-04-15,6619.80000
2020-04-16,7114.90000
2020-04-17,7034.10000
2020-04-18,7259.00000
2020-04-19,7127.60000
2020-04-20,6839.20000
2020-04-21,6852.10000
2020-04-22,7136.90000
2020-04-23,7485.00000
2020-04-24,7507.80000
2020-04-25,7550.10000
2020-04-26,7703.90000
2020-04-27,7792.40000
2020-04-28,7755.80000
2020-04-29,8779.90000
2020-04-30,8629.60000
2020-05-01,8824.60000
2020-05-02,8983.10000
2020-05-03,8905.50000
2020-05-04,8886.30000
2020-05-05,9027.40000
2020-05-06,9166.10000
2020-05-07,10001.00000
2020-05-08,9809.50000
2020-05-09,9539.70000
2020-05-10,8716.50000
2020-05-11,8570.80000
2020-05-12,8823.70000
2020-05-13,9317.10000
2020-05-14,9788.50000
2020-05-15,9312.10000
2020-05-16,9386.00000
